id,name,diamond_count,type,combo,image_file,image_url
5269,TikTok,1,1,True,images/5269_TikTok.webp,https://p16-webcast.tiktokcdn.com/img/maliva/webcast-va/802a21ae29f9fae5abe3693de9f874bd~tplv-obj.webp
5655,Rose,1,1,True,images/5655_Rose.webp,https://p16-webcast.tiktokcdn.com/img/maliva/webcast-va/eba3a9bb85c33e017f3648eaf88d7189~tplv-obj.webp
5827,Ice Cream Cone,1,1,True,images/5827_Ice Cream Cone.webp,https://p16-webcast.tiktokcdn.com/img/maliva/webcast-va/968820bc85e274713c795a6aef3f7c67~tplv-obj.webp
6064,GG,1,1,True,images/6064_GG.webp,https://p16-webcast.tiktokcdn.com/img/maliva/webcast-va/3f02fa9594bd1495ff4e8aa5ae265eef~tplv-obj.webp
6093,Football,1,1,True,images/6093_Football.webp,https://p16-webcast.tiktokcdn.com/img/maliva/webcast-va/c043cd9e418f13017793ddf6e0c6ee99~tplv-obj.webp
6246,Thumbs Up,1,1,True,images/6246_Thumbs Up.webp,https://p16-webcast.tiktokcdn.com/img/maliva/webcast-va/570a663e27bdc460e05556fd1596771a~tplv-obj.webp
6247,Heart,1,1,True,images/6247_Heart.webp,https://p16-webcast.tiktokcdn.com/img/maliva/webcast-va/dd300fd35a757d751301fba862a258f1~tplv-obj.webp
6788,Glow Stick,1,1,True,images/6788_Glow Stick.webp,https://p16-webcast.tiktokcdn.com/img/maliva/webcast-va/8e1a5d66370c5586545e358e37c10d25~tplv-obj.webp
6890,Love you,1,2,True,images/6890_Love you.webp,https://p16-webcast.tiktokcdn.com/img/maliva/webcast-va/ab0a7b44bfc140923bb74164f6f880ab~tplv-obj.webp
7934,Heart Me,1,4,False,images/7934_Heart Me.webp,https://p16-webcast.tiktokcdn.com/img/alisg/webcast-sg/heartme_outfit/base_heartme_composition.png~tplv-resize:258:258.webp
9340,Birthday Cake,1,1,True,images/9340_Birthday Cake.webp,https://p16-webcast.tiktokcdn.com/img/maliva/webcast-va/3ac5ec732f6f4ba7b1492248bfea83d6~tplv-obj.webp
9355,So Cute,1,1,True,images/9355_So Cute.webp,https://p16-webcast.tiktokcdn.com/img/maliva/webcast-va/resource/d40d31241efcf57c630e894bb3007b8a.png~tplv-obj.webp
10716,Blow a kiss,1,1,True,images/10716_Blow a kiss.webp,https://p16-webcast.tiktokcdn.com/img/maliva/webcast-va/resource/cdb55940740d5c83879b2934f9a7d08e.png~tplv-obj.webp
12355,Club Cheers,1,1,True,images/12355_Club Cheers.webp,https://p16-webcast.tiktokcdn.com/img/maliva/webcast-va/resource/6a934c90e5533a4145bed7eae66d71bd.png~tplv-obj.webp
13059,Love KSA,1,1,True,images/13059_Love KSA.webp,https://p16-webcast.tiktokcdn.com/img/maliva/webcast-va/resource/15e67a2aa48cc4d3877a2715d5bec0f7.png~tplv-obj.webp
13298,Wink Charm,1,1,True,images/13298_Wink Charm.webp,https://p16-webcast.tiktokcdn.com/img/maliva/webcast-va/resource/295d753e095c6ac8b180691f20d64ea8.png~tplv-obj.webp
13651,Go Popular,1,1,True,images/13651_Go Popular.webp,https://p16-webcast.tiktokcdn.com/img/alisg/webcast-sg/resource/b342e28d73dac6547e0b3e2ad57f6597.png~tplv-obj.webp
14543,Congratulations,1,1,True,images/14543_Congratulations.webp,https://p16-webcast.tiktokcdn.com/img/alisg/webcast-sg/resource/8e73d843b23a9e68f8d3cf8c46fc0bee.png~tplv-obj.webp
15231,Love you so much,1,1,True,images/15231_Love you so much.webp,https://p16-webcast.tiktokcdn.com/img/alisg/webcast-sg/resource/fc549cf1bc61f9c8a1c97ebab68dced7.png~tplv-obj.webp
15232,You're awesome,1,1,True,images/15232_You're awesome.webp,https://p16-webcast.tiktokcdn.com/img/alisg/webcast-sg/resource/e9cafce8279220ed26016a71076d6a8a.png~tplv-obj.webp
17085,Music  Album,1,1,True,images/17085_Music Album.webp,https://p16-webcast.tiktokcdn.com/img/alisg/webcast-sg/resource/2a5378fbb272f5b4be0678084c66bdc1.png~tplv-obj.webp
17712,Community Heart,1,1,True,images/17712_Community Heart.webp,https://p16-webcast.tiktokcdn.com/img/alisg/webcast-sg/resource/dad7a63955f98891958e37071bb067f3.png~tplv-obj.webp
18461,Community Gift,1,1,True,images/18461_Community Gift.webp,https://p16-webcast.tiktokcdn.com/img/alisg/webcast-sg/resource/dfde5e8d8321ff1251023466f3fce61b.png~tplv-obj.webp
19438,Pop,1,1,True,images/19438_Pop.webp,https://p16-webcast.tiktokcdn.com/img/alisg/webcast-sg/resource/0b4f61e8ab637f11449300d03929ef87.png~tplv-obj.webp
19439,Oldies,1,1,True,images/19439_Oldies.webp,https://p16-webcast.tiktokcdn.com/img/alisg/webcast-sg/resource/77f6ab69b0b03bda98a0a3d2bfdeb46f.png~tplv-obj.webp
19441,Freestyle,1,1,True,images/19441_Freestyle.webp,https://p16-webcast.tiktokcdn.com/img/alisg/webcast-sg/resource/1f5ca5cfb4b98c2761fb85987f47c641.png~tplv-obj.webp
19446,Wink wink,1,1,True,images/19446_Wink wink.webp,https://p16-webcast.tiktokcdn.com/img/alisg/webcast-sg/resource/4a68411b3e92fc2bf68d458d5f906b74.png~tplv-obj.webp
54724,Creeper,1,1,True,images/54724_Creeper.webp,https://p16-webcast.tiktokcdn.com/img/alisg/webcast-sg/resource/d686d45bd66e16b0aca8b0e5eb52a977.png~tplv-obj.webp
56560,My First Rose,1,1,True,images/56560_My First Rose.webp,https://p16-webcast.tiktokcdn.com/img/alisg/webcast-sg/resource/55163429fc2a3043a3273d2fcd7cd85e.png~tplv-obj.webp
58213,coldy,1,1,True,images/58213_coldy.webp,https://p16-webcast.tiktokcdn.com/img/alisg/webcast-sg/resource/d25321ec8d38f41a39854878606751ac.png~tplv-obj.webp
59313,Red Lightning,1,1,True,images/59313_Red Lightning.webp,https://p16-webcast.tiktokcdn.com/img/alisg/webcast-sg/resource/0053dc95af7a3c7475c7687bc42925f9.png~tplv-obj.webp
59511,Blue Lightning,1,1,True,images/59511_Blue Lightning.webp,https://p16-webcast.tiktokcdn.com/img/alisg/webcast-sg/resource/6a517f35a26bfbcbeb72075ea41b66e0.png~tplv-obj.webp
59512,Yellow Lightning,1,1,True,images/59512_Yellow Lightning.webp,https://p16-webcast.tiktokcdn.com/img/alisg/webcast-sg/resource/2ab44118950b4a18acabcdc55635d91a.png~tplv-obj.webp
59881,A Shard of Hope,1,1,True,images/59881_A Shard of Hope.webp,https://p16-webcast.tiktokcdn.com/img/alisg/webcast-sg/resource/34207c50c472435d7d582ef5c1ca8ff2.png~tplv-obj.webp
62816,Community Heart,1,1,True,images/62816_Community Heart.webp,https://p16-webcast.tiktokcdn.com/img/alisg/webcast-sg/resource/8d2a21bead102d4cc1ffade117c9dc46.png~tplv-obj.webp
115510,umbrella,1,1,True,images/115510_umbrella.webp,https://p16-webcast.tiktokcdn.com/img/alisg/webcast-sg/resource/ba0dd88772b3aef05a9089db317553a2.png~tplv-obj.webp
131882,It's Match Time,1,1,True,images/131882_It's Match Time.webp,https://p16-webcast.tiktokcdn.com/img/alisg/webcast-sg/resource/be170a9d325c02c1d5786301679bf013.png~tplv-obj.webp
133119,Music on Stage,1,1,True,images/133119_Music on Stage.webp,https://p16-webcast.tiktokcdn.com/img/alisg/webcast-sg/resource/6eec2170358bbbf1053720e2095ade74.png~tplv-obj.webp
153750,Club Cheers,1,1,True,images/153750_Club Cheers.webp,https://p16-webcast.tiktokcdn.com/img/alisg/webcast-sg/resource/ef892165e333be97bd98978ec2593f43.png~tplv-obj.webp
231955,Good Job,1,1,True,images/231955_Good Job.webp,https://p16-webcast.tiktokcdn.com/img/alisg/webcast-sg/resource/047bfa2dcc6813c72fd2d8f649ee8ee2.png~tplv-obj.webp
231956,Clap Clap,1,1,True,images/231956_Clap Clap.webp,https://p16-webcast.tiktokcdn.com/img/alisg/webcast-sg/resource/f2349d1d943c0c3bbcc03044268ee535.png~tplv-obj.webp
607157,Spidey Pin,1,1,True,images/607157_Spidey Pin.webp,https://p16-webcast.tiktokcdn.com/img/alisg/webcast-sg/resource/674506a5df43a303f7dfd0c23da82864.png~tplv-obj.webp
637990,Treasure Clover,1,1,True,images/637990_Treasure Clover.webp,https://p16-webcast.tiktokcdn.com/img/alisg/webcast-sg/resource/327a29d13fade9f0cdc25a2ccc1670d8.png~tplv-obj.webp
919346,Welcome Dallah,1,1,True,images/919346_Welcome Dallah.webp,https://p16-webcast.tiktokcdn.com/img/alisg/webcast-sg/resource/1b65232470d2c0a9f85cfbc70b38307b.png~tplv-obj.webp
946640,LUVX Cheer,1,1,True,images/946640_LUVX Cheer.webp,https://p16-webcast.tiktokcdn.com/img/alisg/webcast-sg/resource/90445e0b163426c8d5a95647af20b7c5.png~tplv-obj.webp
973040,Starfish,1,1,True,images/973040_Starfish.webp,https://p16-webcast.tiktokcdn.com/img/alisg/webcast-sg/resource/279903174b4ca8e1c7a78e649af65bcc.png~tplv-obj.webp
9139,Team Bracelet,2,1,True,images/9139_Team Bracelet.webp,https://p16-webcast.tiktokcdn.com/img/maliva/webcast-va/resource/54cb1eeca369e5bea1b97707ca05d189.png~tplv-obj.webp
5487,Finger Heart,5,1,True,images/5487_Finger Heart.webp,https://p16-webcast.tiktokcdn.com/img/maliva/webcast-va/a4c4dc437fd3a6632aba149769491f49.png~tplv-obj.webp
5648,Duit Raya,5,1,True,images/5648_Duit Raya.webp,https://p16-webcast.tiktokcdn.com/img/maliva/webcast-va/af543ee556c1c3d3e2610a24d8d02c94~tplv-obj.webp
7412,Ice cream,5,1,True,images/7412_Ice cream.webp,https://p16-webcast.tiktokcdn.com/img/maliva/webcast-va/a40b91f7a11d4cbce780989e2d20a1f4~tplv-obj.webp
8635,Okay,5,1,True,images/8635_Okay.webp,https://p16-webcast.tiktokcdn.com/img/maliva/webcast-va/resource/0573114db41d2cf9c7dd70c8b0fab38e.png~tplv-obj.webp
10961,Peach,5,1,True,images/10961_Peach.webp,https://p16-webcast.tiktokcdn.com/img/maliva/webcast-va/resource/ff861a220649506452e3dc35c58266ea.png~tplv-obj.webp
19445,Name shoutout,5,1,True,images/19445_Name shoutout.webp,https://p16-webcast.tiktokcdn.com/img/alisg/webcast-sg/resource/9b1d432109c95e77e8de11dd442c0a1f.png~tplv-obj.webp
19447,Overreact,5,1,True,images/19447_Overreact.webp,https://p16-webcast.tiktokcdn.com/img/alisg/webcast-sg/resource/dfd48ef1952b6d315856adda7705d02d.png~tplv-obj.webp
57327,Shining Starlight,5,1,True,images/57327_Shining Starlight.webp,https://p16-webcast.tiktokcdn.com/img/alisg/webcast-sg/resource/3b7e12fca3911a4bb65b699b8b0ffb8f.png~tplv-obj.webp
105781,Spinning Soccer,5,1,True,images/105781_Spinning Soccer.webp,https://p16-webcast.tiktokcdn.com/img/alisg/webcast-sg/resource/74a30ed3492d3e7d317efe7e10c3ba51.png~tplv-obj.webp
440713,Brown Paw,5,1,True,images/440713_Brown Paw.webp,https://p16-webcast.tiktokcdn.com/img/alisg/webcast-sg/resource/d3ec6b968ebf9b96dc938f165f71d939.png~tplv-obj.webp
919386,Love in Scent,5,1,True,images/919386_Love in Scent.webp,https://p16-webcast.tiktokcdn.com/img/alisg/webcast-sg/resource/374430f1a9035c2f78ab0f918bf5df40.png~tplv-obj.webp
1137702,Encore Ticket,5,1,True,images/1137702_Encore Ticket.webp,https://p16-webcast.tiktokcdn.com/img/alisg/webcast-sg/resource/620bd04e2551f7af28c2355934f3ca65.png~tplv-obj.webp
118812,Divine Fingers,6,1,True,images/118812_Divine Fingers.webp,https://p16-webcast.tiktokcdn.com/img/alisg/webcast-sg/resource/f7928d51f54a1e15b3eda2336e14c7b6.png~tplv-obj.webp
8243,Cheer You Up,9,1,True,images/8243_Cheer You Up.webp,https://p16-webcast.tiktokcdn.com/img/maliva/webcast-va/97e0529ab9e5cbb60d95fc9ff1133ea6~tplv-obj.webp
12356,Club Power,9,1,True,images/12356_Club Power.webp,https://p16-webcast.tiktokcdn.com/img/maliva/webcast-va/resource/fb8da877eabca4ae295483f7cdfe7d31.png~tplv-obj.webp
16690,Super Popular,9,1,True,images/16690_Super Popular.webp,https://p16-webcast.tiktokcdn.com/img/alisg/webcast-sg/resource/2fa794a99919386b85402d9a0a991b2b.png~tplv-obj.webp
153751,Club Power,9,1,True,images/153751_Club Power.webp,https://p16-webcast.tiktokcdn.com/img/alisg/webcast-sg/resource/d560ca406897466cf88965fc13098e15.png~tplv-obj.webp
8825,Lucky Pig,10,1,True,images/8825_Lucky Pig.webp,https://p16-webcast.tiktokcdn.com/img/maliva/webcast-va/resource/d53125bd5416e6f2f6ab61da02ddd302.png~tplv-obj.webp
8913,Rosa,10,1,True,images/8913_Rosa.webp,https://p16-webcast.tiktokcdn.com/img/maliva/webcast-va/eb77ead5c3abb6da6034d3cf6cfeb438~tplv-obj.webp
9875,Shamrock,10,1,True,images/9875_Shamrock.webp,https://p16-webcast.tiktokcdn.com/img/maliva/webcast-va/resource/312f721603de550519983ca22f5cc445.png~tplv-obj.webp
9947,Friendship Necklace,10,1,True,images/9947_Friendship Necklace.webp,https://p16-webcast.tiktokcdn.com/img/maliva/webcast-va/resource/e033c3f28632e233bebac1668ff66a2f.png~tplv-obj.webp
10138,Drip Brewing,10,1,True,images/10138_Drip Brewing.webp,https://p16-webcast.tiktokcdn.com/img/maliva/webcast-va/resource/3c5e5fc699ed9bee71e79cc90bc5ab37.png~tplv-obj.webp
13300,Heart Gaze,10,1,True,images/13300_Heart Gaze.webp,https://p16-webcast.tiktokcdn.com/img/maliva/webcast-va/resource/0fe120fdb52724dd157e41cc5c00a924.png~tplv-obj.webp
15063,Journey Pass,10,1,True,images/15063_Journey Pass.webp,https://p16-webcast.tiktokcdn.com/img/alisg/webcast-sg/resource/551ecaf639c5e02354f9e7c1a763ec72.png~tplv-obj.webp
18107,Style Me Up,10,4,False,images/18107_Style Me Up.webp,https://p16-webcast.tiktokcdn.com/img/alisg/webcast-sg/resource/b676cd3356e7dc11d4dad13fed18d29e.png~tplv-obj.webp
18789,Lucky Pony,10,1,True,images/18789_Lucky Pony.webp,https://p16-webcast.tiktokcdn.com/img/alisg/webcast-sg/resource/8d005c54c988a6353777ce9c06cfb9cc.png~tplv-obj.webp
19065,League Ball,10,1,True,images/19065_League Ball.webp,https://p16-webcast.tiktokcdn.com/img/alisg/webcast-sg/resource/85e79c76fd9b5ded418565427a67f424.png~tplv-obj.webp
19131,Chocolate,10,1,True,images/19131_Chocolate.webp,https://p16-webcast.tiktokcdn.com/img/alisg/webcast-sg/resource/8e8bfebfad922eed81f4a31a114fc0d3.png~tplv-obj.webp
19448,Slow motion,10,1,True,images/19448_Slow motion.webp,https://p16-webcast.tiktokcdn.com/img/alisg/webcast-sg/resource/12374117770f779919bf002461fdfac0.png~tplv-obj.webp
51281,DJ Vinyl,10,1,True,images/51281_DJ Vinyl.webp,https://p16-webcast.tiktokcdn.com/img/alisg/webcast-sg/resource/0b666a386478756d9988cfa73ab20a71.png~tplv-obj.webp
59314,Banana Peel,10,1,True,images/59314_Banana Peel.webp,https://p16-webcast.tiktokcdn.com/img/alisg/webcast-sg/resource/4130324b5b9120ae88989889d16ed9c3.png~tplv-obj.webp
60077,FANDOM Fan,10,1,True,images/60077_FANDOM Fan.webp,https://p16-webcast.tiktokcdn.com/img/alisg/webcast-sg/resource/cb5bc2512623f0454156429f7088973b.png~tplv-obj.webp
62675,Sing Together,10,1,True,images/62675_Sing Together.webp,https://p16-webcast.tiktokcdn.com/img/alisg/webcast-sg/resource/df5ff4cb7fd148c81580dbe2b4a6b8b1.png~tplv-obj.webp
115543,LIVE Ranking Ticket,10,1,True,images/115543_LIVE Ranking Ticket.webp,https://p16-webcast.tiktokcdn.com/img/alisg/webcast-sg/resource/4c307f79c6296df713c00c31e044e161.png~tplv-obj.webp
231882,Songs of LIVE,10,1,True,images/231882_Songs of LIVE.webp,https://p16-webcast.tiktokcdn.com/img/alisg/webcast-sg/resource/de82765efea449c436117788583cf817.png~tplv-obj.webp
231957,Intimacy,10,1,True,images/231957_Intimacy.webp,https://p16-webcast.tiktokcdn.com/img/alisg/webcast-sg/resource/64725abbd8f186262d93c339b361c593.png~tplv-obj.webp
231958,Mind Blown,10,1,True,images/231958_Mind Blown.webp,https://p16-webcast.tiktokcdn.com/img/alisg/webcast-sg/resource/3f230e969ca578becbee3709fee859be.png~tplv-obj.webp
440717,Black Paw,10,1,True,images/440717_Black Paw.webp,https://p16-webcast.tiktokcdn.com/img/alisg/webcast-sg/resource/f2c75eeb0d2bed77f502a9405b762229.png~tplv-obj.webp
444785,Music Cloud,10,1,True,images/444785_Music Cloud.webp,https://p16-webcast.tiktokcdn.com/img/alisg/webcast-sg/resource/815765226ad8c24e55f9966a7943abe7.png~tplv-obj.webp
544253,I Like What I See,10,1,True,images/544253_I Like What I See.webp,https://p16-webcast.tiktokcdn.com/img/alisg/webcast-sg/resource/2e7a07951feb039c2428fa0de0096481.png~tplv-obj.webp
638002,Treasure's Key,10,1,True,images/638002_Treasure's Key.webp,https://p16-webcast.tiktokcdn.com/img/alisg/webcast-sg/resource/b2777f93629821d38fbc6852e723a3ab.png~tplv-obj.webp
677572,LIVE Ranking Ticket,10,1,True,images/677572_LIVE Ranking Ticket.webp,https://p16-webcast.tiktokcdn.com/img/alisg/webcast-sg/resource/12b4de4a4a9ab015bdaa49858610bc9e.png~tplv-obj.webp
1137734,I'm Yours,10,1,True,images/1137734_I'm Yours.webp,https://p16-webcast.tiktokcdn.com/img/alisg/webcast-sg/resource/49436b0d7aa07cb610d84259cbddf806.png~tplv-obj.webp
1143818,Courage potion,10,1,True,images/1143818_Courage potion.webp,https://p16-webcast.tiktokcdn.com/img/alisg/webcast-sg/resource/561068722f5cd9ff44fd03b86da632d6.png~tplv-obj.webp
1213439,Squirrel,10,1,True,images/1213439_Squirrel.webp,https://p16-webcast.tiktokcdn.com/img/alisg/webcast-sg/resource/1739fceef111004d05fb5b8abea8a778.png~tplv-obj.webp
19443,Bravo!,15,1,True,images/19443_Bravo!.webp,https://p16-webcast.tiktokcdn.com/img/alisg/webcast-sg/resource/075e206d6da035f10ff5f8fecd82abcc.png~tplv-obj.webp
626056,Kudos for My Star,15,1,True,images/626056_Kudos for My Star.webp,https://p16-webcast.tiktokcdn.com/img/alisg/webcast-sg/resource/538dd8c1904f795fced4ae91f0a2aab0.png~tplv-obj.webp
5658,Perfume,20,1,True,images/5658_Perfume.webp,https://p16-webcast.tiktokcdn.com/img/maliva/webcast-va/20b8f61246c7b6032777bb81bf4ee055~tplv-obj.webp
17465,little kisses,20,1,True,images/17465_little kisses.webp,https://p16-webcast.tiktokcdn.com/img/alisg/webcast-sg/resource/0a5db92508ee667339289b2f87bc3123.png~tplv-obj.webp
59315,Traffic Cone,20,1,True,images/59315_Traffic Cone.webp,https://p16-webcast.tiktokcdn.com/img/alisg/webcast-sg/resource/f16725cc0a80273348d18c47dfa3b4fb.png~tplv-obj.webp
626064,G.O.A.T. Busker,20,1,True,images/626064_G.O.A.T. Busker.webp,https://p16-webcast.tiktokcdn.com/img/alisg/webcast-sg/resource/a9ff60f42b278cc1e8278139dfebfca2.png~tplv-obj.webp
5780,Bouquet Flower,30,1,True,images/5780_Bouquet Flower.webp,https://p16-webcast.tiktokcdn.com/img/maliva/webcast-va/b158b8493b51a3f30c59710c39d1dc96~tplv-obj.webp
5879,Doughnut,30,1,True,images/5879_Doughnut.webp,https://p16-webcast.tiktokcdn.com/img/maliva/webcast-va/4e7ad6bdf0a1d860c538f38026d4e812~tplv-obj.webp
59316,Energy Capsule,30,1,True,images/59316_Energy Capsule.webp,https://p16-webcast.tiktokcdn.com/img/alisg/webcast-sg/resource/ae6e7024207fb82bab2c9b78405796a2.png~tplv-obj.webp
1213441,Warm Cocoa,30,1,True,images/1213441_Warm Cocoa.webp,https://p16-webcast.tiktokcdn.com/img/alisg/webcast-sg/resource/9a0ae13b71859d1e4be7f222d12ec6be.png~tplv-obj.webp
127088,Single Strike,70,1,True,images/127088_Single Strike.webp,https://p16-webcast.tiktokcdn.com/img/alisg/webcast-sg/resource/b2aed3cd741688ea0d8a86363604bcbb.png~tplv-obj.webp
17044,Takoyaki,88,2,True,images/17044_Takoyaki.webp,https://p16-webcast.tiktokcdn.com/img/alisg/webcast-sg/resource/b0d9f32b9d4c04afbb0267dcb5b576fa.png~tplv-obj.webp
17666,Family,90,2,True,images/17666_Family.webp,https://p16-webcast.tiktokcdn.com/img/maliva/webcast-va/resource/8821932e2d3fe78e9af0bcf785ca1759.png~tplv-obj.webp
5659,Paper Crane,99,2,True,images/5659_Paper Crane.webp,https://p16-webcast.tiktokcdn.com/img/alisg/webcast-sg/0f158a08f7886189cdabf496e8a07c21~tplv-obj.webp
6097,Little Crown,99,4,False,images/6097_Little Crown.webp,https://p16-webcast.tiktokcdn.com/img/maliva/webcast-va/cf3db11b94a975417043b53401d0afe1~tplv-obj.webp
6104,Cap,99,4,False,images/6104_Cap.webp,https://p16-webcast.tiktokcdn.com/img/maliva/webcast-va/6c2ab2da19249ea570a2ece5e3377f04~tplv-obj.webp
6427,Hat and Mustache,99,4,False,images/6427_Hat and Mustache.webp,https://p16-webcast.tiktokcdn.com/img/maliva/webcast-va/2f1e4f3f5c728ffbfa35705b480fdc92~tplv-obj.webp
8130,Like-Pop,99,1,True,images/8130_Like-Pop.webp,https://p16-webcast.tiktokcdn.com/img/maliva/webcast-va/75eb7b4aca24eaa6e566b566c7d21e2f~tplv-obj.webp
11180,Love Painting,99,4,False,images/11180_Love Painting.webp,https://p16-webcast.tiktokcdn.com/img/maliva/webcast-va/resource/de6f01cb2a0deb2da24cb5d1ecf9a23b.png~tplv-obj.webp
12357,Club Victory,99,2,True,images/12357_Club Victory.webp,https://p16-webcast.tiktokcdn.com/img/maliva/webcast-va/resource/6639eb3590a59052babc9cb772ae4f5b.png~tplv-obj.webp
12678,Level-up Sparks,99,2,True,images/12678_Level-up Sparks.webp,https://p16-webcast.tiktokcdn.com/img/maliva/webcast-va/resource/c6c5b0efea6f1f7e1fd1f3909284d12c.png~tplv-obj.webp
13058,Heart KSA,99,2,True,images/13058_Heart KSA.webp,https://p16-webcast.tiktokcdn.com/img/maliva/webcast-va/resource/1ef4547b7aab4fcb0a5d739d6499116f.png~tplv-obj.webp
13087,Bubble Gum,99,4,False,images/13087_Bubble Gum.webp,https://p16-webcast.tiktokcdn.com/img/maliva/webcast-va/resource/52ebbe9f3f53b5567ad11ad6f8303c58.png~tplv-obj.webp
13710,Little Wing,99,2,True,images/13710_Little Wing.webp,https://p16-webcast.tiktokcdn.com/img/maliva/webcast-va/resource/765b65aa6da04fac1f1e7939863c33e0.png~tplv-obj.webp
13904,Cupid’s Bow,99,4,False,images/13904_Cupid’s Bow.webp,https://p16-webcast.tiktokcdn.com/img/maliva/webcast-va/resource/f6dd3172f50e4f4ff8d7a6bbce9d4150.png~tplv-obj.webp
14109,Mark of Love,99,4,False,images/14109_Mark of Love.webp,https://p16-webcast.tiktokcdn.com/img/alisg/webcast-sg/resource/582475419a820e0b0dbc964799b6146e.png~tplv-obj.webp
14239,Rising Star,99,2,True,images/14239_Rising Star.webp,https://p16-webcast.tiktokcdn.com/img/maliva/webcast-va/resource/1c015f238086c961a72893a8c0ae18cc.png~tplv-obj.webp
14656,Greeting Heart,99,2,True,images/14656_Greeting Heart.webp,https://p16-webcast.tiktokcdn.com/img/alisg/webcast-sg/resource/9325524bd9ca181bd8e76eb99b44c042.png~tplv-obj.webp
17105,Sundae Bowl,99,4,False,images/17105_Sundae Bowl.webp,https://p16-webcast.tiktokcdn.com/img/alisg/webcast-sg/resource/725ba28c17d775db510ca7b240cdd84e.png~tplv-obj.webp
17922,Charmer Bow,99,4,False,images/17922_Charmer Bow.webp,https://p16-webcast.tiktokcdn.com/img/alisg/webcast-sg/resource/3cbe9384885eab12ace419cc4f28cf4f.png~tplv-obj.webp
62817,Community Style,99,4,False,images/62817_Community Style.webp,https://p16-webcast.tiktokcdn.com/img/alisg/webcast-sg/resource/e6e26cd58803f2afaf896d126ee409fe.png~tplv-obj.webp
127090,Cursed Kick,99,1,True,images/127090_Cursed Kick.webp,https://p16-webcast.tiktokcdn.com/img/alisg/webcast-sg/resource/23c19297764926e43446d60904d6f9c5.png~tplv-obj.webp
127094,Wobbler,99,1,True,images/127094_Wobbler.webp,https://p16-webcast.tiktokcdn.com/img/alisg/webcast-sg/resource/23c19297764926e43446d60904d6f9c5.png~tplv-obj.webp
127098,Stabilizer,99,1,True,images/127098_Stabilizer.webp,https://p16-webcast.tiktokcdn.com/img/alisg/webcast-sg/resource/f44c38189c169012c7fbd3537cdc3c40.png~tplv-obj.webp
153753,Club Victory,99,2,True,images/153753_Club Victory.webp,https://p16-webcast.tiktokcdn.com/img/alisg/webcast-sg/resource/078faaebda61db576a163aedcd32b980.png~tplv-obj.webp
170506,Singing Mushroom,99,4,False,images/170506_Singing Mushroom.webp,https://p16-webcast.tiktokcdn.com/img/alisg/webcast-sg/resource/072a4e4c2f4435282354492360e16571.png~tplv-obj.webp
170507,Bloom Melody,99,4,False,images/170507_Bloom Melody.webp,https://p16-webcast.tiktokcdn.com/img/alisg/webcast-sg/resource/96bde97172e9ad387dac78b7e2bd0354.png~tplv-obj.webp
232593,Groove Guitar,99,2,True,images/232593_Groove Guitar.webp,https://p16-webcast.tiktokcdn.com/img/alisg/webcast-sg/resource/c0a2578376807945b44568eb1dfdec7f.png~tplv-obj.webp
282739,Fiesta Accordion,99,2,True,images/282739_Fiesta Accordion.webp,https://p16-webcast.tiktokcdn.com/img/alisg/webcast-sg/resource/17a67910f870b568f95433eb31fd7b8b.png~tplv-obj.webp
437561,Pearl Chime,99,4,False,images/437561_Pearl Chime.webp,https://p16-webcast.tiktokcdn.com/img/alisg/webcast-sg/resource/a2c0c1ccd1262e8aad4d2f6e5ebc8585.png~tplv-obj.webp
842718,Cow-napping,99,4,False,images/842718_Cow-napping.webp,https://p16-webcast.tiktokcdn.com/img/alisg/webcast-sg/resource/497609a31393d079b4674d7cc21a8788.png~tplv-obj.webp
985644,Candy Blast,99,4,False,images/985644_Candy Blast.webp,https://p16-webcast.tiktokcdn.com/img/alisg/webcast-sg/resource/4586efda80f010da8563955095aa6271.png~tplv-obj.webp
5566,Mishka Bear,100,2,True,images/5566_Mishka Bear.webp,https://p16-webcast.tiktokcdn.com/img/maliva/webcast-va/d78ed6496fd57286b42ac033acbee299.png~tplv-obj.webp
5585,Confetti,100,2,True,images/5585_Confetti.webp,https://p16-webcast.tiktokcdn.com/img/alisg/webcast-sg/resource/472bf660b0804bb37f616d173edb8a9d.png~tplv-obj.webp
5660,Hand Heart,100,2,True,images/5660_Hand Heart.webp,https://p16-webcast.tiktokcdn.com/img/alisg/webcast-sg/resource/374dfe46d5b09ce1db19be06202d34f5.png~tplv-obj.webp
6766,Bouquet,100,2,True,images/6766_Bouquet.webp,https://p16-webcast.tiktokcdn.com/img/maliva/webcast-va/1bdf0b38142a94af0f71ea53da82a3b1~tplv-obj.webp
7121,Marvelous Confetti,100,2,True,images/7121_Marvelous Confetti.webp,https://p16-webcast.tiktokcdn.com/img/alisg/webcast-sg/resource/6a053553310ed19c20adac7d7561e11d.png~tplv-obj.webp
10994,Bouquet,100,2,True,images/10994_Bouquet.webp,https://p16-webcast.tiktokcdn.com/img/maliva/webcast-va/resource/1bdf0b38142a94af0f71ea53da82a3b1.png~tplv-obj.webp
12316,Balloon Gift Box,100,2,True,images/12316_Balloon Gift Box.webp,https://p16-webcast.tiktokcdn.com/img/maliva/webcast-va/resource/c2cd98b5d3147b983fcbf35d6dd38e36.png~tplv-obj.webp
13301,Singing Magic,100,1,True,images/13301_Singing Magic.webp,https://p16-webcast.tiktokcdn.com/img/maliva/webcast-va/resource/1b76de4373dec56480903c3d5367fd13.png~tplv-obj.webp
13462,Mini Star,100,2,True,images/13462_Mini Star.webp,https://p16-webcast.tiktokcdn.com/img/maliva/webcast-va/resource/483fbb7908887e111feb9d68426e33bd.png~tplv-obj.webp
14046,Match Wand,100,2,True,images/14046_Match Wand.webp,https://p16-webcast.tiktokcdn.com/img/maliva/webcast-va/resource/d1ba80bb94f93ac973bc4f30794c6d28.png~tplv-obj.webp
18174,Compact,100,2,True,images/18174_Compact.webp,https://p16-webcast.tiktokcdn.com/img/alisg/webcast-sg/resource/5e0c1749072e603518c0394ae07c04fc.png~tplv-obj.webp
59317,Power Chip,100,1,True,images/59317_Power Chip.webp,https://p16-webcast.tiktokcdn.com/img/alisg/webcast-sg/resource/c9fc0b9b66a506752ec005c2630e1700.png~tplv-obj.webp
60073,FANDOM Stamp,100,4,False,images/60073_FANDOM Stamp.webp,https://p16-webcast.tiktokcdn.com/img/alisg/webcast-sg/resource/24cd1ef8bf88891453a1909e42ae5fb2.png~tplv-obj.webp
444819,Rainbow Slide,100,2,True,images/444819_Rainbow Slide.webp,https://p16-webcast.tiktokcdn.com/img/alisg/webcast-sg/resource/ff0da9e2f979075d657dae1372f170f9.png~tplv-obj.webp
544015,Heart My Earthling,100,2,True,images/544015_Heart My Earthling.webp,https://p16-webcast.tiktokcdn.com/img/alisg/webcast-sg/resource/961a2505041f9db4d47b9b27ef729bb3.png~tplv-obj.webp
637996,Gate to Treasure,100,2,True,images/637996_Gate to Treasure.webp,https://p16-webcast.tiktokcdn.com/img/alisg/webcast-sg/resource/52669f5b62d078f8c20a52496ce4d35f.png~tplv-obj.webp
973050,Wooden Rod,100,2,True,images/973050_Wooden Rod.webp,https://p16-webcast.tiktokcdn.com/img/alisg/webcast-sg/resource/a29960e0b8d92d37adfe6c083856421a.png~tplv-obj.webp
14000,Bowknot,149,4,False,images/14000_Bowknot.webp,https://p16-webcast.tiktokcdn.com/img/alisg/webcast-sg/resource/dd02c4c2cb726134314e89abec0b5476.png~tplv-obj.webp
15187,Big Shout Out,149,4,False,images/15187_Big Shout Out.webp,https://p16-webcast.tiktokcdn.com/img/alisg/webcast-sg/resource/d79737225a5c68dee52b34d1a7c7dec9.png~tplv-obj.webp
15189,Chatting Popcorn,149,4,False,images/15189_Chatting Popcorn.webp,https://p16-webcast.tiktokcdn.com/img/alisg/webcast-sg/resource/f4813ddce6a6b3268df01af9fe3764d9.png~tplv-obj.webp
16479,Masquerade,149,4,False,images/16479_Masquerade.webp,https://p16-webcast.tiktokcdn.com/img/alisg/webcast-sg/resource/8fde56ae6a7ea22d3d17184ac362585f.png~tplv-obj.webp
16552,Balloon Crown,149,4,False,images/16552_Balloon Crown.webp,https://p16-webcast.tiktokcdn.com/img/alisg/webcast-sg/resource/d1cc3f587941bd7af50929aee49ac070.png~tplv-obj.webp
17100,Feather Tiara,149,4,False,images/17100_Feather Tiara.webp,https://p16-webcast.tiktokcdn.com/img/alisg/webcast-sg/resource/23a0d8c3317d8be5e5a63488a7b2b8c4.png~tplv-obj.webp
17359,Caterpillar Chaos,149,4,False,images/17359_Caterpillar Chaos.webp,https://p16-webcast.tiktokcdn.com/img/alisg/webcast-sg/resource/5fc71d8f491568b0e258e2de1718e37c.png~tplv-obj.webp
17844,Catrina,149,4,False,images/17844_Catrina.webp,https://p16-webcast.tiktokcdn.com/img/alisg/webcast-sg/resource/fadb0050e89ad6a1731c1a4742360846.png~tplv-obj.webp
17986,Raving Snail,149,4,False,images/17986_Raving Snail.webp,https://p16-webcast.tiktokcdn.com/img/alisg/webcast-sg/resource/ef4e1229a2f0b67f7d4e92b508667060.png~tplv-obj.webp
19168,Love Glasses,149,4,False,images/19168_Love Glasses.webp,https://p16-webcast.tiktokcdn.com/img/alisg/webcast-sg/resource/7b3f141efe8a943faba19f855a003943.png~tplv-obj.webp
48224,Fairy Hide,149,4,False,images/48224_Fairy Hide.webp,https://p16-webcast.tiktokcdn.com/img/alisg/webcast-sg/resource/fe9b86bd3afac7fa5dc82b5109a809c4.png~tplv-obj.webp
101198,Frog Conductor,149,4,False,images/101198_Frog Conductor.webp,https://p16-webcast.tiktokcdn.com/img/alisg/webcast-sg/resource/6ccccbdcc6cddece3c4056643cb99c4e.png~tplv-obj.webp
232592,Tempo Flute,149,2,True,images/232592_Tempo Flute.webp,https://p16-webcast.tiktokcdn.com/img/alisg/webcast-sg/resource/007d61b4f2a4b92f8890d795f304dedc.png~tplv-obj.webp
282718,Groove Clarinet,149,2,True,images/282718_Groove Clarinet.webp,https://p16-webcast.tiktokcdn.com/img/alisg/webcast-sg/resource/334eaf60d723d771bf9e839516ab3fb3.png~tplv-obj.webp
127096,Bruiser,153,1,True,images/127096_Bruiser.webp,https://p16-webcast.tiktokcdn.com/img/alisg/webcast-sg/resource/34614d14c99c17e8a6094e5ed34c1bc6.png~tplv-obj.webp
5509,Sunglasses,199,4,False,images/5509_Sunglasses.webp,https://p16-webcast.tiktokcdn.com/img/alisg/webcast-sg/08af67ab13a8053269bf539fd27f3873.png~tplv-obj.webp
5586,Hearts,199,4,False,images/5586_Hearts.webp,https://p16-webcast.tiktokcdn.com/img/maliva/webcast-va/934b5a10dee8376df5870a61d2ea5cb6.png~tplv-obj.webp
6437,Garland Headpiece,199,4,False,images/6437_Garland Headpiece.webp,https://p16-webcast.tiktokcdn.com/img/maliva/webcast-va/bdbdd8aeb2b69c173a3ef666e63310f3~tplv-obj.webp
6671,Love You,199,2,True,images/6671_Love You.webp,https://p16-webcast.tiktokcdn.com/img/maliva/webcast-va/134e51c00f46e01976399883ca4e4798~tplv-obj.webp
6713,Cheer For You,199,2,True,images/6713_Cheer For You.webp,https://p16-webcast.tiktokcdn.com/img/maliva/webcast-va/1059dfa76c78dc17d7cf0a1fc2ece185~tplv-obj.webp
11177,Coffee Magic,199,4,False,images/11177_Coffee Magic.webp,https://p16-webcast.tiktokcdn.com/img/maliva/webcast-va/resource/0cb623f44c34f77fe14c2e11bfe4ee62.png~tplv-obj.webp
13075,Cheering Crab,199,4,False,images/13075_Cheering Crab.webp,https://p16-webcast.tiktokcdn.com/img/maliva/webcast-va/resource/7d729b6a8104f5d349ba887608cd35bc.png~tplv-obj.webp
13464,Night Star,199,2,True,images/13464_Night Star.webp,https://p16-webcast.tiktokcdn.com/img/maliva/webcast-va/resource/3d136834fe9964927d6b30499a68b741.png~tplv-obj.webp
14047,Love Rain,199,2,True,images/14047_Love Rain.webp,https://p16-webcast.tiktokcdn.com/img/maliva/webcast-va/resource/034c891a69d337729e5202672443d15e.png~tplv-obj.webp
14382,Floating Octopus,199,4,False,images/14382_Floating Octopus.webp,https://p16-webcast.tiktokcdn.com/img/alisg/webcast-sg/resource/022d496f79aa50d3042f0660d37ed48a.png~tplv-obj.webp
14555,Flower Headband,199,4,False,images/14555_Flower Headband.webp,https://p16-webcast.tiktokcdn.com/img/alisg/webcast-sg/resource/eaec5f24e45bc66ec44830fa5024ab45.png~tplv-obj.webp
14866,Sparklers,199,2,True,images/14866_Sparklers.webp,https://p16-webcast.tiktokcdn.com/img/alisg/webcast-sg/resource/192a873e366e2410da4fa406aba0e0af.png~tplv-obj.webp
15879,Goalkeeper Save,199,2,True,images/15879_Goalkeeper Save.webp,https://p16-webcast.tiktokcdn.com/img/alisg/webcast-sg/resource/92a80ca0eef371f0b7ae70f76f0f29d5.png~tplv-obj.webp
16275,Suitcase,199,2,True,images/16275_Suitcase.webp,https://p16-webcast.tiktokcdn.com/img/alisg/webcast-sg/resource/ebb5bcf8d8fe3f8975eeb76b37ddbd77.png~tplv-obj.webp
16550,Sour Buddy,199,2,True,images/16550_Sour Buddy.webp,https://p16-webcast.tiktokcdn.com/img/alisg/webcast-sg/resource/963e12ba84805721d96b06deaf5d660b.png~tplv-obj.webp
16896,Rose Hand,199,2,True,images/16896_Rose Hand.webp,https://p16-webcast.tiktokcdn.com/img/alisg/webcast-sg/resource/805e6b8051d50ca6e6c9b74d5fc89045.png~tplv-obj.webp
17004,Rose Hand,199,2,True,images/17004_Rose Hand.webp,https://p16-webcast.tiktokcdn.com/img/alisg/webcast-sg/resource/805e6b8051d50ca6e6c9b74d5fc89045.png~tplv-obj.webp
17046,Melon Juice,199,2,True,images/17046_Melon Juice.webp,https://p16-webcast.tiktokcdn.com/img/alisg/webcast-sg/resource/912d29e708fe00d72487908114803e77.png~tplv-obj.webp
17101,Coconut Juice,199,4,False,images/17101_Coconut Juice.webp,https://p16-webcast.tiktokcdn.com/img/alisg/webcast-sg/resource/8157f47f794c8395969034574dd12082.png~tplv-obj.webp
17360,Chirpy Kisses,199,4,False,images/17360_Chirpy Kisses.webp,https://p16-webcast.tiktokcdn.com/img/alisg/webcast-sg/resource/c75ec50c453f5b09e4d25c5c69c30ed5.png~tplv-obj.webp
17589,Side by Side,199,2,True,images/17589_Side by Side.webp,https://p16-webcast.tiktokcdn.com/img/alisg/webcast-sg/resource/14b52e1933131d94a2634acf1625559d.png~tplv-obj.webp
17590,Juicy Smile,199,4,False,images/17590_Juicy Smile.webp,https://p16-webcast.tiktokcdn.com/img/alisg/webcast-sg/resource/b897b374103a142ce550afec4c54d9aa.png~tplv-obj.webp
17661,Side by Side,199,2,True,images/17661_Side by Side.webp,https://p16-webcast.tiktokcdn.com/img/alisg/webcast-sg/resource/14b52e1933131d94a2634acf1625559d.png~tplv-obj.webp
17667,Side by Side,199,2,True,images/17667_Side by Side.webp,https://p16-webcast.tiktokcdn.com/img/alisg/webcast-sg/resource/14b52e1933131d94a2634acf1625559d.png~tplv-obj.webp
17923,Joker Ball,199,4,False,images/17923_Joker Ball.webp,https://p16-webcast.tiktokcdn.com/img/alisg/webcast-sg/resource/4227bdbc22921d8cdceb3ab14366624d.png~tplv-obj.webp
18175,Blowing Bubbles,199,2,True,images/18175_Blowing Bubbles.webp,https://p16-webcast.tiktokcdn.com/img/alisg/webcast-sg/resource/8bbf56fb08bc161a0650da144d0882e1.png~tplv-obj.webp
19067,League Countdown,199,2,True,images/19067_League Countdown.webp,https://p16-webcast.tiktokcdn.com/img/alisg/webcast-sg/resource/936d94c2e9267c3fa099127fba4e30a2.png~tplv-obj.webp
19309,Heart Hood,199,4,False,images/19309_Heart Hood.webp,https://p16-webcast.tiktokcdn.com/img/alisg/webcast-sg/resource/79801ad5ce9f4a97793be5b06ac6804b.png~tplv-obj.webp
19310,Smile Latte,199,4,False,images/19310_Smile Latte.webp,https://p16-webcast.tiktokcdn.com/img/alisg/webcast-sg/resource/5ccf72a732f0f4b436052e9b0585dc89.png~tplv-obj.webp
48225,Party Pony,199,4,False,images/48225_Party Pony.webp,https://p16-webcast.tiktokcdn.com/img/alisg/webcast-sg/resource/07c5a2297a00cacc94d329d047d045c8.png~tplv-obj.webp
101384,Fan Cat,199,4,False,images/101384_Fan Cat.webp,https://p16-webcast.tiktokcdn.com/img/alisg/webcast-sg/resource/5ba710c0d42a87fc4086dc6ee553070b.png~tplv-obj.webp
133120,Take the Mic,199,4,False,images/133120_Take the Mic.webp,https://p16-webcast.tiktokcdn.com/img/alisg/webcast-sg/resource/3839265e5f4586ed1b277a74b1a88841.png~tplv-obj.webp
170498,Bloom Brass,199,4,False,images/170498_Bloom Brass.webp,https://p16-webcast.tiktokcdn.com/img/alisg/webcast-sg/resource/fd29f58a9a2e25a01cd296f032caebe2.png~tplv-obj.webp
170508,Rhythm Bot,199,4,False,images/170508_Rhythm Bot.webp,https://p16-webcast.tiktokcdn.com/img/alisg/webcast-sg/resource/ab9626d3236e46633b67883c5aa1b7b9.png~tplv-obj.webp
440699,Forest Beginnings,199,2,True,images/440699_Forest Beginnings.webp,https://p16-webcast.tiktokcdn.com/img/alisg/webcast-sg/resource/090f59b8da3d5d807c09fc4d47dad3eb.png~tplv-obj.webp
842726,Sunny Side Up,199,4,False,images/842726_Sunny Side Up.webp,https://p16-webcast.tiktokcdn.com/img/alisg/webcast-sg/resource/5268ef3f2ae96a1197ce89e371fcdc45.png~tplv-obj.webp
919320,Talking Heartbeat,199,2,True,images/919320_Talking Heartbeat.webp,https://p16-webcast.tiktokcdn.com/img/alisg/webcast-sg/resource/025d6bd762e1f1b5ab8f5fe0a9325850.png~tplv-obj.webp
17962,Magic Genie,200,1,True,images/17962_Magic Genie.webp,https://p16-webcast.tiktokcdn.com/img/alisg/webcast-sg/resource/3d306be32f7d6d52c4e74df15a063d45.png~tplv-obj.webp
56589,Magic Genie,200,1,True,images/56589_Magic Genie.webp,https://p16-webcast.tiktokcdn.com/img/alisg/webcast-sg/resource/c750548817a633185d2c46391cc64214.png~tplv-obj.webp
170193,Semsemia,200,2,True,images/170193_Semsemia.webp,https://p16-webcast.tiktokcdn.com/img/alisg/webcast-sg/resource/964574672ba78aec095a139e955de948.png~tplv-obj.webp
170277,Baglama,200,2,True,images/170277_Baglama.webp,https://p16-webcast.tiktokcdn.com/img/alisg/webcast-sg/resource/59ce7287377c4a6523eaf0706e5b04f7.png~tplv-obj.webp
19132,Rose Bear,214,2,True,images/19132_Rose Bear.webp,https://p16-webcast.tiktokcdn.com/img/alisg/webcast-sg/resource/adf6e9bd6219788151edb9fa026a0481.png~tplv-obj.webp
18708,Cat,222,2,True,images/18708_Cat.webp,https://p16-webcast.tiktokcdn.com/img/alisg/webcast-sg/resource/ed64975b4e809224ec3dffc616840205.png~tplv-obj.webp
10547,Pinch Face,249,4,False,images/10547_Pinch Face.webp,https://p16-webcast.tiktokcdn.com/img/maliva/webcast-va/resource/a10aab8940d3d5aee14b14cde033ab2a.png~tplv-obj.webp
15191,Candy Bouquet,249,4,False,images/15191_Candy Bouquet.webp,https://p16-webcast.tiktokcdn.com/img/alisg/webcast-sg/resource/935ad03446f993a3630508e5c929b7cf.png~tplv-obj.webp
15199,Ice Cream Mic,249,4,False,images/15199_Ice Cream Mic.webp,https://p16-webcast.tiktokcdn.com/img/alisg/webcast-sg/resource/7f784d1ec7b26d7d8cfd05faede11d76.png~tplv-obj.webp
15752,Star Goggles,249,4,False,images/15752_Star Goggles.webp,https://p16-webcast.tiktokcdn.com/img/alisg/webcast-sg/resource/e14483e67a44ce522ba583ec923941fa.png~tplv-obj.webp
15763,Cheer Mic,249,4,False,images/15763_Cheer Mic.webp,https://p16-webcast.tiktokcdn.com/img/alisg/webcast-sg/resource/cf2c95f9642541fa9ebe9bdcfe6e7359.png~tplv-obj.webp
16478,Music Bubbles,249,4,False,images/16478_Music Bubbles.webp,https://p16-webcast.tiktokcdn.com/img/alisg/webcast-sg/resource/b5786e09eb50f1ea512b2ae9f7034254.png~tplv-obj.webp
17102,Palm Breeze,249,4,False,images/17102_Palm Breeze.webp,https://p16-webcast.tiktokcdn.com/img/alisg/webcast-sg/resource/dc8043965da9348b305de279cb2fb451.png~tplv-obj.webp
17104,Forest Elf,249,4,False,images/17104_Forest Elf.webp,https://p16-webcast.tiktokcdn.com/img/alisg/webcast-sg/resource/1aeb39ecbb493ea520e23588df61caa1.png~tplv-obj.webp
17821,Face-pulling,249,4,False,images/17821_Face-pulling.webp,https://p16-webcast.tiktokcdn.com/img/alisg/webcast-sg/resource/fbbe8af4280240dfdb11ad1100be0282.png~tplv-obj.webp
17985,Treasured Voice,249,4,False,images/17985_Treasured Voice.webp,https://p16-webcast.tiktokcdn.com/img/alisg/webcast-sg/resource/99bb73b9eb5851a2bcafadb6fe9a9815.png~tplv-obj.webp
18124,Melodic birds,249,4,False,images/18124_Melodic birds.webp,https://p16-webcast.tiktokcdn.com/img/alisg/webcast-sg/resource/345514d111481a58d76bd53c42f0445d.png~tplv-obj.webp
18196,Surfing Penguin,249,4,False,images/18196_Surfing Penguin.webp,https://p16-webcast.tiktokcdn.com/img/alisg/webcast-sg/resource/de7454192584813d5bcb0e64d44bfc64.png~tplv-obj.webp
18506,Party Blossom,249,4,False,images/18506_Party Blossom.webp,https://p16-webcast.tiktokcdn.com/img/alisg/webcast-sg/resource/3065f931274a9c1e6d4cdd0b29ff3c8d.png~tplv-obj.webp
18605,Dreamy Strings,249,4,False,images/18605_Dreamy Strings.webp,https://p16-webcast.tiktokcdn.com/img/alisg/webcast-sg/resource/68e68d79a6ad382321c9cbdee966c025.png~tplv-obj.webp
19308,Sweet Flutter,249,4,False,images/19308_Sweet Flutter.webp,https://p16-webcast.tiktokcdn.com/img/alisg/webcast-sg/resource/f70e199a23a5ff232ce241d07c3dc99b.png~tplv-obj.webp
54566,Snow Bloom,249,4,False,images/54566_Snow Bloom.webp,https://p16-webcast.tiktokcdn.com/img/alisg/webcast-sg/resource/8384e240d21a75fd1084e6f9da833ab6.png~tplv-obj.webp
59775,Amped Up,249,4,False,images/59775_Amped Up.webp,https://p16-webcast.tiktokcdn.com/img/alisg/webcast-sg/resource/50c72a9440674a6ef58c08fc51a56071.png~tplv-obj.webp
118814,Poetry Score,249,4,False,images/118814_Poetry Score.webp,https://p16-webcast.tiktokcdn.com/img/alisg/webcast-sg/resource/d3b6863a4f43cbce53aad602fe8f2470.png~tplv-obj.webp
166578,Singing Frog,249,4,False,images/166578_Singing Frog.webp,https://p16-webcast.tiktokcdn.com/img/alisg/webcast-sg/resource/5385a0355ce6eb61e886d7030bce7221.png~tplv-obj.webp
282675,Blast Drum,249,2,True,images/282675_Blast Drum.webp,https://p16-webcast.tiktokcdn.com/img/alisg/webcast-sg/resource/599381a83e534232acc4b659ba715622.png~tplv-obj.webp
127089,Triple Thunder,289,1,True,images/127089_Triple Thunder.webp,https://p16-webcast.tiktokcdn.com/img/alisg/webcast-sg/resource/09a90416e09340b2d5a1046d2fc3ef01.png~tplv-obj.webp
6007,Boxing Gloves,299,2,True,images/6007_Boxing Gloves.webp,https://p16-webcast.tiktokcdn.com/img/maliva/webcast-va/9f8bd92363c400c284179f6719b6ba9c~tplv-obj.webp
6267,Corgi,299,2,True,images/6267_Corgi.webp,https://p16-webcast.tiktokcdn.com/img/maliva/webcast-va/148eef0884fdb12058d1c6897d1e02b9~tplv-obj.webp
9465,Fruit Friends,299,2,True,images/9465_Fruit Friends.webp,https://p16-webcast.tiktokcdn.com/img/maliva/webcast-va/resource/1153dd51308c556cb4fcc48c7d62209f.png~tplv-obj.webp
11179,Naughty Chicken,299,4,False,images/11179_Naughty Chicken.webp,https://p16-webcast.tiktokcdn.com/img/maliva/webcast-va/resource/46a839dbc1c3e9103c71d82b35b21ad4.png~tplv-obj.webp
11183,Play for You,299,4,False,images/11183_Play for You.webp,https://p16-webcast.tiktokcdn.com/img/maliva/webcast-va/resource/34201b86430742595e4dcb5b39560b7a.png~tplv-obj.webp
11808,Rock Star,299,4,False,images/11808_Rock Star.webp,https://p16-webcast.tiktokcdn.com/img/maliva/webcast-va/resource/57acaf0590c56c219493b71fe8d2961d.png~tplv-obj.webp
13073,Butterfly for You,299,4,False,images/13073_Butterfly for You.webp,https://p16-webcast.tiktokcdn.com/img/maliva/webcast-va/resource/e02af5a7d59a958bd38536f7e3473f75.png~tplv-obj.webp
13709,Starlight Compass,299,2,True,images/13709_Starlight Compass.webp,https://p16-webcast.tiktokcdn.com/img/maliva/webcast-va/resource/239d5419829614a89000230ece14b287.png~tplv-obj.webp
13903,Falling For You,299,2,True,images/13903_Falling For You.webp,https://p16-webcast.tiktokcdn.com/img/maliva/webcast-va/resource/2b9e1ad149b5f642a5e4371771b4e091.png~tplv-obj.webp
14237,Crystal Shoe,299,2,True,images/14237_Crystal Shoe.webp,https://p16-webcast.tiktokcdn.com/img/maliva/webcast-va/resource/af684e26138b33fd04ab50bd35a14a7c.png~tplv-obj.webp
14557,Puppy Kisses,299,4,False,images/14557_Puppy Kisses.webp,https://p16-webcast.tiktokcdn.com/img/alisg/webcast-sg/resource/4ae998a21159b60484169864f8968ba9.png~tplv-obj.webp
14657,Budding Heart,299,2,True,images/14657_Budding Heart.webp,https://p16-webcast.tiktokcdn.com/img/alisg/webcast-sg/resource/80cc308eca861fccd859c089b0647193.png~tplv-obj.webp
14787,Spider on web,299,2,True,images/14787_Spider on web.webp,https://p16-webcast.tiktokcdn.com/img/alisg/webcast-sg/resource/e6fc469b538b91485c7ed77ad97d3e08.png~tplv-obj.webp
15194,United Heart,299,4,False,images/15194_United Heart.webp,https://p16-webcast.tiktokcdn.com/img/alisg/webcast-sg/resource/72ff280b8c6ce16f6efc9bf4cd6a036b.png~tplv-obj.webp
15487,Kicker Challenge,299,4,False,images/15487_Kicker Challenge.webp,https://p16-webcast.tiktokcdn.com/img/alisg/webcast-sg/resource/8065704646452387f6bed049b194f214.png~tplv-obj.webp
16313,TikTok Crown,299,4,False,images/16313_TikTok Crown.webp,https://p16-webcast.tiktokcdn.com/img/alisg/webcast-sg/resource/77289ae44d635380fa88e7bdfcfdc408.png~tplv-obj.webp
16527,LIVE Ranking Crown,299,4,False,images/16527_LIVE Ranking Crown.webp,https://p16-webcast.tiktokcdn.com/img/alisg/webcast-sg/resource/1bb7f00a3adeb932e5f5518d723fedb5.png~tplv-obj.webp
16669,Hi! Rosie!,299,4,False,images/16669_Hi! Rosie!.webp,https://p16-webcast.tiktokcdn.com/img/alisg/webcast-sg/resource/c5d90ed49d326785882decc35c4200b0.png~tplv-obj.webp
16938,LIVE Ranking Crown,299,4,False,images/16938_LIVE Ranking Crown.webp,https://p16-webcast.tiktokcdn.com/img/alisg/webcast-sg/resource/1bb7f00a3adeb932e5f5518d723fedb5.png~tplv-obj.webp
17358,Go Hamster,299,4,False,images/17358_Go Hamster.webp,https://p16-webcast.tiktokcdn.com/img/alisg/webcast-sg/resource/582131434f4f6edc3f97b96fbc33a492.png~tplv-obj.webp
17549,Pawfect,299,2,True,images/17549_Pawfect.webp,https://p16-webcast.tiktokcdn.com/img/maliva/webcast-va/resource/8710c33f4929aa91c7ec7154f5f90268.png~tplv-obj.webp
17845,Bat Headwear,299,4,False,images/17845_Bat Headwear.webp,https://p16-webcast.tiktokcdn.com/img/alisg/webcast-sg/resource/1ba0996c3dd7db45807fd7f255eb66a4.png~tplv-obj.webp
18026,Melody Glasses,299,4,False,images/18026_Melody Glasses.webp,https://p16-webcast.tiktokcdn.com/img/alisg/webcast-sg/resource/7e4e83b1f8746e2c3205e14f99eaae08.png~tplv-obj.webp
18230,Penguin Snowpal,299,4,False,images/18230_Penguin Snowpal.webp,https://p16-webcast.tiktokcdn.com/img/alisg/webcast-sg/resource/29828fedfc36982c9395822e9e5aab20.png~tplv-obj.webp
18610,Music Mate,299,4,False,images/18610_Music Mate.webp,https://p16-webcast.tiktokcdn.com/img/alisg/webcast-sg/resource/789d404702b42340359a4b5ea9366dbb.png~tplv-obj.webp
19074,LIVE Ranking Headband,299,4,False,images/19074_LIVE Ranking Headband.webp,https://p16-webcast.tiktokcdn.com/img/alisg/webcast-sg/resource/330ec9fbb2ac4f12465caf4b862d9bcf.png~tplv-obj.webp
19311,Love Call,299,4,False,images/19311_Love Call.webp,https://p16-webcast.tiktokcdn.com/img/alisg/webcast-sg/resource/b9f95b541fa21eb5325fd8f6ffe1a551.png~tplv-obj.webp
48231,Pony Lantern,299,4,False,images/48231_Pony Lantern.webp,https://p16-webcast.tiktokcdn.com/img/alisg/webcast-sg/resource/513e60117034e851dc6c923ea8a3125b.png~tplv-obj.webp
54562,Spring Sprout,299,4,False,images/54562_Spring Sprout.webp,https://p16-webcast.tiktokcdn.com/img/alisg/webcast-sg/resource/b81807a156aad66d757bacffebae830f.png~tplv-obj.webp
55700,EID Gift Box,299,2,True,images/55700_EID Gift Box.webp,https://p16-webcast.tiktokcdn.com/img/alisg/webcast-sg/resource/ec3bedf704efdbbcfdfd36a99c98d94a.png~tplv-obj.webp
57009,Wakey Mallow,299,4,False,images/57009_Wakey Mallow.webp,https://p16-webcast.tiktokcdn.com/img/alisg/webcast-sg/resource/dc170f6fcc00a7253cd0744d7b01809d.png~tplv-obj.webp
57596,Sax Groove,299,4,False,images/57596_Sax Groove.webp,https://p16-webcast.tiktokcdn.com/img/alisg/webcast-sg/resource/48af771dd2405a0d01b4dd7184e8cfad.png~tplv-obj.webp
59318,Scroll,299,1,True,images/59318_Scroll.webp,https://p16-webcast.tiktokcdn.com/img/alisg/webcast-sg/resource/7e1418f2402a2986f432a96ae27f7c76.png~tplv-obj.webp
59450,Rookies Cup,299,4,False,images/59450_Rookies Cup.webp,https://p16-webcast.tiktokcdn.com/img/alisg/webcast-sg/resource/3b77922c8b290b899ae70b6c0e84e437.png~tplv-obj.webp
60548,Labor Power,299,4,False,images/60548_Labor Power.webp,https://p16-webcast.tiktokcdn.com/img/alisg/webcast-sg/resource/b7b2b32d19f276cf7dac34e906512a4b.png~tplv-obj.webp
115513,Rain Doll,299,2,True,images/115513_Rain Doll.webp,https://p16-webcast.tiktokcdn.com/img/alisg/webcast-sg/resource/ad91c7acb6b745d37739d326cb2e0c61.png~tplv-obj.webp
121583,Cello Romance,299,2,True,images/121583_Cello Romance.webp,https://p16-webcast.tiktokcdn.com/img/alisg/webcast-sg/resource/4756a2a4604d2cb5bb5b0639b259e9b5.png~tplv-obj.webp
130787,Come On!,299,4,False,images/130787_Come On!.webp,https://p16-webcast.tiktokcdn.com/img/alisg/webcast-sg/resource/1bc7335bffaba2703a5ce4caf22afe61.png~tplv-obj.webp
139582,Cheering Towel,299,4,False,images/139582_Cheering Towel.webp,https://p16-webcast.tiktokcdn.com/img/alisg/webcast-sg/resource/21d7109b0ee067d1c01662c6c7803d0f.png~tplv-obj.webp
282749,Swing Cello,299,2,True,images/282749_Swing Cello.webp,https://p16-webcast.tiktokcdn.com/img/alisg/webcast-sg/resource/0f588bb40de838a08dff601c404c8065.png~tplv-obj.webp
607161,Hero Landing,299,2,True,images/607161_Hero Landing.webp,https://p16-webcast.tiktokcdn.com/img/alisg/webcast-sg/resource/b042d1d8248588ecaadb7f080e895b5c.png~tplv-obj.webp
739730,Rhythm Crown,299,4,False,images/739730_Rhythm Crown.webp,https://p16-webcast.tiktokcdn.com/img/alisg/webcast-sg/resource/f973acf708adf86a775541b20a2e8804.png~tplv-obj.webp
985682,Brazilian Vibe Cap,299,4,False,images/985682_Brazilian Vibe Cap.webp,https://p16-webcast.tiktokcdn.com/img/alisg/webcast-sg/resource/5d7e2053d5928bcdd1e74b37fb10d78c.png~tplv-obj.webp
985702,Tropical Mask,299,4,False,images/985702_Tropical Mask.webp,https://p16-webcast.tiktokcdn.com/img/alisg/webcast-sg/resource/11f18e8f1320c060b3179455ba13e678.png~tplv-obj.webp
13987,Feather Mask,300,4,False,images/13987_Feather Mask.webp,https://p16-webcast.tiktokcdn.com/img/alisg/webcast-sg/resource/088bdb48e5051844d154948b4eb75e5f.png~tplv-obj.webp
17167,Air Dancer,300,2,True,images/17167_Air Dancer.webp,https://p16-webcast.tiktokcdn.com/img/alisg/webcast-sg/resource/97c975dcce2483027ececde2b6719761.png~tplv-obj.webp
657072,Galaxy's Bestest,300,2,True,images/657072_Galaxy's Bestest.webp,https://p16-webcast.tiktokcdn.com/img/alisg/webcast-sg/resource/7d7f997e77c650d8b5f5dfd120b40379.png~tplv-obj.webp
15764,Backing Monkey,349,4,False,images/15764_Backing Monkey.webp,https://p16-webcast.tiktokcdn.com/img/alisg/webcast-sg/resource/758b0367f5746ec6335f4374dd9b45c3.png~tplv-obj.webp
16477,Become Kitten,349,4,False,images/16477_Become Kitten.webp,https://p16-webcast.tiktokcdn.com/img/alisg/webcast-sg/resource/2d89dbc83a0999ebab98b4b06d6f5ce1.png~tplv-obj.webp
16551,Marked with Love,349,4,False,images/16551_Marked with Love.webp,https://p16-webcast.tiktokcdn.com/img/alisg/webcast-sg/resource/2859c21a400e1f40d93da7b68c0254d0.png~tplv-obj.webp
16748,Vinyl Flip,349,2,True,images/16748_Vinyl Flip.webp,https://p16-webcast.tiktokcdn.com/img/alisg/webcast-sg/resource/5f5ed81e3e714fc1a30ec6efd379cd91.png~tplv-obj.webp
17103,Juicy Cap,349,4,False,images/17103_Juicy Cap.webp,https://p16-webcast.tiktokcdn.com/img/alisg/webcast-sg/resource/e6ce2ee0daae3693268b77efec17507f.png~tplv-obj.webp
17689,Batwing Hat,349,4,False,images/17689_Batwing Hat.webp,https://p16-webcast.tiktokcdn.com/img/alisg/webcast-sg/resource/973267050ccb12c111d8048226ac7218.png~tplv-obj.webp
17984,Beach Maracas,349,4,False,images/17984_Beach Maracas.webp,https://p16-webcast.tiktokcdn.com/img/alisg/webcast-sg/resource/db8bf15e39052e17289b70d9eaa926e0.png~tplv-obj.webp
18195,Vintage flight,349,4,False,images/18195_Vintage flight.webp,https://p16-webcast.tiktokcdn.com/img/alisg/webcast-sg/resource/e9764af4b6dce95b8f993b3902eb1d76.png~tplv-obj.webp
18228,Gingerbread Man,349,4,False,images/18228_Gingerbread Man.webp,https://p16-webcast.tiktokcdn.com/img/alisg/webcast-sg/resource/47417dd0758e895c33632863017f5d78.png~tplv-obj.webp
18507,Candy Bouquet,349,4,False,images/18507_Candy Bouquet.webp,https://p16-webcast.tiktokcdn.com/img/alisg/webcast-sg/resource/13a78105483d213723d66d7fbf308001.png~tplv-obj.webp
18608,Rocking Shroom,349,4,False,images/18608_Rocking Shroom.webp,https://p16-webcast.tiktokcdn.com/img/alisg/webcast-sg/resource/cbc0508afc678106f11392ae1ed3c055.png~tplv-obj.webp
48232,Sparkle Pony,349,4,False,images/48232_Sparkle Pony.webp,https://p16-webcast.tiktokcdn.com/img/alisg/webcast-sg/resource/28bf38fda66300cd185fd8e3dc28d716.png~tplv-obj.webp
54558,Spring Bouquet,349,4,False,images/54558_Spring Bouquet.webp,https://p16-webcast.tiktokcdn.com/img/alisg/webcast-sg/resource/97a432fdd0ec5b9a30b2a8bc4d594700.png~tplv-obj.webp
56855,Festival Bracelet,349,2,True,images/56855_Festival Bracelet.webp,https://p16-webcast.tiktokcdn.com/img/alisg/webcast-sg/resource/6faf18511ee366ec80c955d8e6b4153a.png~tplv-obj.webp
60549,Craft Dreamer,349,4,False,images/60549_Craft Dreamer.webp,https://p16-webcast.tiktokcdn.com/img/alisg/webcast-sg/resource/48a2ba41b964c6e8b3bc9320c539498d.png~tplv-obj.webp
60554,Mom's Bonnet,349,4,False,images/60554_Mom's Bonnet.webp,https://p16-webcast.tiktokcdn.com/img/alisg/webcast-sg/resource/e643a2e1553926564f4c07ef1a3b6a08.png~tplv-obj.webp
110508,Retro Melody,349,4,False,images/110508_Retro Melody.webp,https://p16-webcast.tiktokcdn.com/img/alisg/webcast-sg/resource/ec7722263eb34a0f54e84eb40e50acfd.png~tplv-obj.webp
118926,Ukulele Player,349,2,True,images/118926_Ukulele Player.webp,https://p16-webcast.tiktokcdn.com/img/alisg/webcast-sg/resource/2385dccf1c6ce8b31233186a1072c5ac.png~tplv-obj.webp
121582,Chopin in the Rain,349,2,True,images/121582_Chopin in the Rain.webp,https://p16-webcast.tiktokcdn.com/img/alisg/webcast-sg/resource/991cb8b02429d17007db77e38c1aeaf6.png~tplv-obj.webp
166583,Electro Vibes,349,4,False,images/166583_Electro Vibes.webp,https://p16-webcast.tiktokcdn.com/img/alisg/webcast-sg/resource/dc9e4fbd4db927e383cae3166bfa1a7e.png~tplv-obj.webp
170505,Retro Headset,349,4,False,images/170505_Retro Headset.webp,https://p16-webcast.tiktokcdn.com/img/alisg/webcast-sg/resource/304e6fc712fae569cefe24c48f157c7d.png~tplv-obj.webp
437629,Butterfly Vibe,349,4,False,images/437629_Butterfly Vibe.webp,https://p16-webcast.tiktokcdn.com/img/alisg/webcast-sg/resource/6267eee0ceafab651e4cf6ff970cb4ec.png~tplv-obj.webp
739740,Djembe Master,349,4,False,images/739740_Djembe Master.webp,https://p16-webcast.tiktokcdn.com/img/alisg/webcast-sg/resource/ef051d193735bc76af4767d4dba7a7e9.png~tplv-obj.webp
842704,Spin Seal,349,4,False,images/842704_Spin Seal.webp,https://p16-webcast.tiktokcdn.com/img/alisg/webcast-sg/resource/dbfb40baefad16c14b0df3506cd1c48a.png~tplv-obj.webp
985650,Starry Seal,349,4,False,images/985650_Starry Seal.webp,https://p16-webcast.tiktokcdn.com/img/alisg/webcast-sg/resource/212fa2e95f432d92feefa2a1db834729.png~tplv-obj.webp
8914,Forever Rosa,399,2,True,images/8914_Forever Rosa.webp,https://p16-webcast.tiktokcdn.com/img/maliva/webcast-va/resource/863e7947bc793f694acbe970d70440a1.png~tplv-obj.webp
9825,Magic Rhythm,399,2,True,images/9825_Magic Rhythm.webp,https://p16-webcast.tiktokcdn.com/img/maliva/webcast-va/resource/00f1882035fcf9407e4b1955f0b4c48b.png~tplv-obj.webp
11178,Relaxed Goose,399,4,False,images/11178_Relaxed Goose.webp,https://p16-webcast.tiktokcdn.com/img/maliva/webcast-va/resource/3961645e741423d7b334fb4b6488852f.png~tplv-obj.webp
11181,Tom's Hug,399,4,False,images/11181_Tom's Hug.webp,https://p16-webcast.tiktokcdn.com/img/maliva/webcast-va/resource/30ba2b172614d3c2da0e7caaca333b41.png~tplv-obj.webp
12210,Rosie the Rose Bean,399,2,True,images/12210_Rosie the Rose Bean.webp,https://p16-webcast.tiktokcdn.com/img/maliva/webcast-va/resource/3cbaea405cc61e8eaab6f5a14d127511.png~tplv-obj.webp
12211,Jollie the Joy Bean,399,2,True,images/12211_Jollie the Joy Bean.webp,https://p16-webcast.tiktokcdn.com/img/maliva/webcast-va/resource/0e3769575f5b7b27b67c6330376961a4.png~tplv-obj.webp
12212,Rocky the Rock Bean,399,2,True,images/12212_Rocky the Rock Bean.webp,https://p16-webcast.tiktokcdn.com/img/maliva/webcast-va/resource/767d7ea90f58f3676bbc5b1ae3c9851d.png~tplv-obj.webp
12213,Sage the Smart Bean,399,2,True,images/12213_Sage the Smart Bean.webp,https://p16-webcast.tiktokcdn.com/img/maliva/webcast-va/resource/ed2cc456ab1a8619c5093eb8cfd3d303.png~tplv-obj.webp
12935,Sage's Slash,399,2,True,images/12935_Sage's Slash.webp,https://p16-webcast.tiktokcdn.com/img/alisg/webcast-sg/resource/213605d4582aa3e35b51712c7a0909aa.png~tplv-obj.webp
14214, Let butterfly dances ,399,4,False,images/14214_Let butterfly dances.webp,https://p16-webcast.tiktokcdn.com/img/alisg/webcast-sg/resource/754effcbfbc5c6708c32552ab780e14b.png~tplv-obj.webp
14554,Kitten Kneading,399,4,False,images/14554_Kitten Kneading.webp,https://p16-webcast.tiktokcdn.com/img/alisg/webcast-sg/resource/40938efafa13a17de483949934570461.png~tplv-obj.webp
14568,Shoot the Apple,399,4,False,images/14568_Shoot the Apple.webp,https://p16-webcast.tiktokcdn.com/img/alisg/webcast-sg/resource/12a72eac62721ef031f22d935f6aac4b.png~tplv-obj.webp
15192,Alien Buddy,399,4,False,images/15192_Alien Buddy.webp,https://p16-webcast.tiktokcdn.com/img/alisg/webcast-sg/resource/4d39819a9bd9731b747e42a1ee650406.png~tplv-obj.webp
16426,You Are Loved,399,4,False,images/16426_You Are Loved.webp,https://p16-webcast.tiktokcdn.com/img/alisg/webcast-sg/resource/4d9bbf004850dfc97cfaae9859c1c28d.png~tplv-obj.webp
16671,Rosie's Concert,399,4,False,images/16671_Rosie's Concert.webp,https://p16-webcast.tiktokcdn.com/img/alisg/webcast-sg/resource/9e9ccba3ad69fb79462faad2d4bab4a5.png~tplv-obj.webp
18198,Tiger Lift,399,4,False,images/18198_Tiger Lift.webp,https://p16-webcast.tiktokcdn.com/img/alisg/webcast-sg/resource/5150422ca02095eef30bd508fe0b7cdd.png~tplv-obj.webp
18231,Santa Owl Surprise,399,4,False,images/18231_Santa Owl Surprise.webp,https://p16-webcast.tiktokcdn.com/img/alisg/webcast-sg/resource/d70298039a39a03723b95b9a76421bc1.png~tplv-obj.webp
18505,Confetti Bear,399,4,False,images/18505_Confetti Bear.webp,https://p16-webcast.tiktokcdn.com/img/alisg/webcast-sg/resource/6e2944bf91135c52cc8004d9b7ef36ab.png~tplv-obj.webp
18606,Singing Sax,399,4,False,images/18606_Singing Sax.webp,https://p16-webcast.tiktokcdn.com/img/alisg/webcast-sg/resource/0962211de9b80bda00a7da89400d2a5a.png~tplv-obj.webp
19312,Fairy Locket,399,4,False,images/19312_Fairy Locket.webp,https://p16-webcast.tiktokcdn.com/img/alisg/webcast-sg/resource/02549f9db46985f897f0597b21939947.png~tplv-obj.webp
19314,Panda Snap,399,4,False,images/19314_Panda Snap.webp,https://p16-webcast.tiktokcdn.com/img/alisg/webcast-sg/resource/a96c32f3272df1905eb3f3d51b53308b.png~tplv-obj.webp
54557,Blossom Fairy,399,4,False,images/54557_Blossom Fairy.webp,https://p16-webcast.tiktokcdn.com/img/alisg/webcast-sg/resource/6bfb67efafa3b5fb509cee8b05a1418f.png~tplv-obj.webp
57010,Dreamy Hat,399,4,False,images/57010_Dreamy Hat.webp,https://p16-webcast.tiktokcdn.com/img/alisg/webcast-sg/resource/5074a9b0dd0de8ba6fc8573913ed9cde.png~tplv-obj.webp
57597,Vocal Bear,399,4,False,images/57597_Vocal Bear.webp,https://p16-webcast.tiktokcdn.com/img/alisg/webcast-sg/resource/3afb4aeb6abf9335864ce85f364156e2.png~tplv-obj.webp
58236,Cactus Shuffle,399,4,False,images/58236_Cactus Shuffle.webp,https://p16-webcast.tiktokcdn.com/img/alisg/webcast-sg/resource/b243b36466f8e18116deb7be245e1a56.png~tplv-obj.webp
59319,Health Potion,399,1,True,images/59319_Health Potion.webp,https://p16-webcast.tiktokcdn.com/img/alisg/webcast-sg/resource/2b8d9407362560e13fd7373325cc233b.png~tplv-obj.webp
60555,Echo Mom,399,4,False,images/60555_Echo Mom.webp,https://p16-webcast.tiktokcdn.com/img/alisg/webcast-sg/resource/f08244625c497c58f33d9fa66e9544b1.png~tplv-obj.webp
62818,Jollie's Community,399,2,True,images/62818_Jollie's Community.webp,https://p16-webcast.tiktokcdn.com/img/alisg/webcast-sg/resource/370a8914a23ae65bbd7000b3f08d2aff.png~tplv-obj.webp
133359,DJ Set,399,4,False,images/133359_DJ Set.webp,https://p16-webcast.tiktokcdn.com/img/alisg/webcast-sg/resource/3798f7dd8de451efca9f0c357a591177.png~tplv-obj.webp
170503,Beat Wings,399,4,False,images/170503_Beat Wings.webp,https://p16-webcast.tiktokcdn.com/img/alisg/webcast-sg/resource/9abdd62c5ea93108bf8c8a8aec7a8e70.png~tplv-obj.webp
170504,Melody Headset,399,4,False,images/170504_Melody Headset.webp,https://p16-webcast.tiktokcdn.com/img/alisg/webcast-sg/resource/0a2a365726e4eddddc7d71c43110c9b4.png~tplv-obj.webp
191123,Papa Capybara,399,4,False,images/191123_Papa Capybara.webp,https://p16-webcast.tiktokcdn.com/img/alisg/webcast-sg/resource/8442dc0eed7795d7515c99a45b5a6f2b.png~tplv-obj.webp
437599,Aurora Groove,399,4,False,images/437599_Aurora Groove.webp,https://p16-webcast.tiktokcdn.com/img/alisg/webcast-sg/resource/c4f86eba5aa4db031fb8aa88a4d9581f.png~tplv-obj.webp
440703,Desert Survivals,399,2,True,images/440703_Desert Survivals.webp,https://p16-webcast.tiktokcdn.com/img/alisg/webcast-sg/resource/8fd91255d34a7312d0842d6fbc38ee93.png~tplv-obj.webp
739778,Floral Serenade,399,4,False,images/739778_Floral Serenade.webp,https://p16-webcast.tiktokcdn.com/img/alisg/webcast-sg/resource/8564f8573780b2bd0ab8f5b39d04a99d.png~tplv-obj.webp
919330,Wind on Kemenche,399,2,True,images/919330_Wind on Kemenche.webp,https://p16-webcast.tiktokcdn.com/img/alisg/webcast-sg/resource/b1209f13669a1f3f71afa0bd8daba87b.png~tplv-obj.webp
971136,Spartan Helmet,399,4,False,images/971136_Spartan Helmet.webp,https://p16-webcast.tiktokcdn.com/img/alisg/webcast-sg/resource/97f586f8a1827e0d9d6f1019c97a91f0.png~tplv-obj.webp
1137705,Sing in Sync,399,4,False,images/1137705_Sing in Sync.webp,https://p16-webcast.tiktokcdn.com/img/alisg/webcast-sg/resource/4a8c1a5dd3f2bc5157b25065ad8ba628.png~tplv-obj.webp
13988,Crystal Dreams,400,4,False,images/13988_Crystal Dreams.webp,https://p16-webcast.tiktokcdn.com/img/alisg/webcast-sg/resource/4e21d2956bd289847ab8c006d499d25b.png~tplv-obj.webp
13999,Wishing Cake,400,4,False,images/13999_Wishing Cake.webp,https://p16-webcast.tiktokcdn.com/img/alisg/webcast-sg/resource/6142c30d6b06c1c7748709e02f1293ab.png~tplv-obj.webp
15195,Mic Champ,400,4,False,images/15195_Mic Champ.webp,https://p16-webcast.tiktokcdn.com/img/alisg/webcast-sg/resource/d8678a19d13ab6e2feffbea41acd0ed9.png~tplv-obj.webp
15761,Bounce Speakers,400,4,False,images/15761_Bounce Speakers.webp,https://p16-webcast.tiktokcdn.com/img/alisg/webcast-sg/resource/fc25829fc12db52196c8606000ae17f0.png~tplv-obj.webp
18229,Reindeer Milk,400,4,False,images/18229_Reindeer Milk.webp,https://p16-webcast.tiktokcdn.com/img/alisg/webcast-sg/resource/c7b922a59b8e77e748803717bd483ccf.png~tplv-obj.webp
57594,Cheeky Pup,400,4,False,images/57594_Cheeky Pup.webp,https://p16-webcast.tiktokcdn.com/img/alisg/webcast-sg/resource/e9fbad0840d145dd95dabede5a309587.png~tplv-obj.webp
59774,DJ Wave,400,4,False,images/59774_DJ Wave.webp,https://p16-webcast.tiktokcdn.com/img/alisg/webcast-sg/resource/fe27af553f82c4370a6a62c636ee4f7b.png~tplv-obj.webp
60074,FANDOM Fever,400,2,True,images/60074_FANDOM Fever.webp,https://p16-webcast.tiktokcdn.com/img/alisg/webcast-sg/resource/ecb8f62b08087f2740890d18e13342a6.png~tplv-obj.webp
60547,Punch Cuddle,400,4,False,images/60547_Punch Cuddle.webp,https://p16-webcast.tiktokcdn.com/img/alisg/webcast-sg/resource/e66fda832bfce34ad2169ccac08dd6e4.png~tplv-obj.webp
60550,Glorious Chef,400,4,False,images/60550_Glorious Chef.webp,https://p16-webcast.tiktokcdn.com/img/alisg/webcast-sg/resource/fbde1e4231b695c9e81d623ab59ca8fb.png~tplv-obj.webp
110506,Rock Cats,400,4,False,images/110506_Rock Cats.webp,https://p16-webcast.tiktokcdn.com/img/alisg/webcast-sg/resource/4a8097309c114d76bcd615ab54efc8bd.png~tplv-obj.webp
170501,Magic Accordion,400,4,False,images/170501_Magic Accordion.webp,https://p16-webcast.tiktokcdn.com/img/alisg/webcast-sg/resource/d078c71be3f27bac1cbb9e2c8a5ab945.png~tplv-obj.webp
191116,Super Dad,400,4,False,images/191116_Super Dad.webp,https://p16-webcast.tiktokcdn.com/img/alisg/webcast-sg/resource/051c27a3b0193820ca640c5921d01b9c.png~tplv-obj.webp
437669,Pop Parrot,400,4,False,images/437669_Pop Parrot.webp,https://p16-webcast.tiktokcdn.com/img/alisg/webcast-sg/resource/0b833cc809215f28cc594a915b3bb93a.png~tplv-obj.webp
437699,Rock Idol,400,4,False,images/437699_Rock Idol.webp,https://p16-webcast.tiktokcdn.com/img/alisg/webcast-sg/resource/d6dd4a9e05d9adcc90eefeb54f32b3ef.png~tplv-obj.webp
842694,Neon Rockstar,400,4,False,images/842694_Neon Rockstar.webp,https://p16-webcast.tiktokcdn.com/img/alisg/webcast-sg/resource/1bc4b1c161fb71b4e5c79845fc8ffae6.png~tplv-obj.webp
985642,Heartbeat Keys,400,4,False,images/985642_Heartbeat Keys.webp,https://p16-webcast.tiktokcdn.com/img/alisg/webcast-sg/resource/96606117e1856789f9cf3c6738a549af.png~tplv-obj.webp
1137735,The Mrazhemian,400,4,False,images/1137735_The Mrazhemian.webp,https://p16-webcast.tiktokcdn.com/img/alisg/webcast-sg/resource/f55c341c113011ffb2b01865976afb53.png~tplv-obj.webp
1241753,Siren's Echo,400,4,False,images/1241753_Siren's Echo.webp,https://p16-webcast.tiktokcdn.com/img/alisg/webcast-sg/resource/7afb8d23216936e5aa29856a92025c2d.png~tplv-obj.webp
11809,Beating Heart,449,4,False,images/11809_Beating Heart.webp,https://p16-webcast.tiktokcdn.com/img/maliva/webcast-va/resource/11769d71ebd3c6a21f4baa7184791da9.png~tplv-obj.webp
15762,Encore Clap,449,4,False,images/15762_Encore Clap.webp,https://p16-webcast.tiktokcdn.com/img/alisg/webcast-sg/resource/5b5e6863e349500d0c8ad6d67353728b.png~tplv-obj.webp
17357,Pirate's Treasure,449,4,False,images/17357_Pirate's Treasure.webp,https://p16-webcast.tiktokcdn.com/img/alisg/webcast-sg/resource/ec205551b4ed75a5a12e2dd49e70b723.png~tplv-obj.webp
17827,Candy Loot,449,4,False,images/17827_Candy Loot.webp,https://p16-webcast.tiktokcdn.com/img/alisg/webcast-sg/resource/942191ca3bdc5b648c725e2800a1c3d2.png~tplv-obj.webp
18137,Captured Vocals,449,4,False,images/18137_Captured Vocals.webp,https://p16-webcast.tiktokcdn.com/img/alisg/webcast-sg/resource/73613a349fbac56473acd823675f5752.png~tplv-obj.webp
18197,Batting Cutie,449,4,False,images/18197_Batting Cutie.webp,https://p16-webcast.tiktokcdn.com/img/alisg/webcast-sg/resource/94b42ab4ffd5ccc79279dffc6b109de2.png~tplv-obj.webp
18199,Space Love,449,4,False,images/18199_Space Love.webp,https://p16-webcast.tiktokcdn.com/img/alisg/webcast-sg/resource/186d36ad446fe5336a3ddce47eae5dab.png~tplv-obj.webp
18226,Xmas Tree Hat,449,4,False,images/18226_Xmas Tree Hat.webp,https://p16-webcast.tiktokcdn.com/img/alisg/webcast-sg/resource/07611650030bc00a33787a7a0d91dcec.png~tplv-obj.webp
58237,Clown Boogie,449,4,False,images/58237_Clown Boogie.webp,https://p16-webcast.tiktokcdn.com/img/alisg/webcast-sg/resource/379f132acd166deee7b1db9132b29342.png~tplv-obj.webp
118939,Electronic Love Song,449,2,True,images/118939_Electronic Love Song.webp,https://p16-webcast.tiktokcdn.com/img/alisg/webcast-sg/resource/5aa9258af43983e39f90cf300c3e98d4.png~tplv-obj.webp
166579,Rock and Roll,449,4,False,images/166579_Rock and Roll.webp,https://p16-webcast.tiktokcdn.com/img/alisg/webcast-sg/resource/73af504cd0bf8733febcf7fb98249f0f.png~tplv-obj.webp
842698,Meowsic Trumpet,449,4,False,images/842698_Meowsic Trumpet.webp,https://p16-webcast.tiktokcdn.com/img/alisg/webcast-sg/resource/14bda6b6a9813d881a498ff6cdecfa8c.png~tplv-obj.webp
15190,Powerful Mind,450,4,False,images/15190_Powerful Mind.webp,https://p16-webcast.tiktokcdn.com/img/alisg/webcast-sg/resource/2184128b55eaef8a390a1a43a2ffdf16.png~tplv-obj.webp
15193,Hat of Joy,450,4,False,images/15193_Hat of Joy.webp,https://p16-webcast.tiktokcdn.com/img/alisg/webcast-sg/resource/9fcbc11bf61ee4b5790f2b3677a45ac6.png~tplv-obj.webp
17846,Halloween Fun Hat,450,4,False,images/17846_Halloween Fun Hat.webp,https://p16-webcast.tiktokcdn.com/img/alisg/webcast-sg/resource/45a573035e301087d1ffe91e0f1513cb.png~tplv-obj.webp
18025,Music Conductor,450,4,False,images/18025_Music Conductor.webp,https://p16-webcast.tiktokcdn.com/img/alisg/webcast-sg/resource/1351df201d2481a07a33af2ea06af84f.png~tplv-obj.webp
18509,Celebration Hat,450,4,False,images/18509_Celebration Hat.webp,https://p16-webcast.tiktokcdn.com/img/alisg/webcast-sg/resource/39ae5c2723ac3754b25c05ef7c6744c3.png~tplv-obj.webp
18607,City Pop,450,4,False,images/18607_City Pop.webp,https://p16-webcast.tiktokcdn.com/img/alisg/webcast-sg/resource/d70148f36f3f740123bb9be341c13d77.png~tplv-obj.webp
19306,Cupid Koala,450,4,False,images/19306_Cupid Koala.webp,https://p16-webcast.tiktokcdn.com/img/alisg/webcast-sg/resource/823041a7f03f56fafd40b7b8c9812bd8.png~tplv-obj.webp
48221,Paw Call,450,4,False,images/48221_Paw Call.webp,https://p16-webcast.tiktokcdn.com/img/alisg/webcast-sg/resource/0be8fcd307c249a9051dcc4e9dc51507.png~tplv-obj.webp
54560,Superwoman,450,4,False,images/54560_Superwoman.webp,https://p16-webcast.tiktokcdn.com/img/alisg/webcast-sg/resource/0b229a89d79cee14ca681b1ce2abac9b.png~tplv-obj.webp
57008,Clover Hat,450,4,False,images/57008_Clover Hat.webp,https://p16-webcast.tiktokcdn.com/img/alisg/webcast-sg/resource/c53bd514827a6c5db739540ea4b8d126.png~tplv-obj.webp
57595,Sloth Peek,450,4,False,images/57595_Sloth Peek.webp,https://p16-webcast.tiktokcdn.com/img/alisg/webcast-sg/resource/602e3444f1810b8b048a2e706eb19898.png~tplv-obj.webp
133360,Pink Cowboy,450,4,False,images/133360_Pink Cowboy.webp,https://p16-webcast.tiktokcdn.com/img/alisg/webcast-sg/resource/9cb5646b4aec619c78e22d42c47ee48d.png~tplv-obj.webp
191117,Office Penguin,450,4,False,images/191117_Office Penguin.webp,https://p16-webcast.tiktokcdn.com/img/alisg/webcast-sg/resource/6ea833f3d87ee4a9f08805204195ba69.png~tplv-obj.webp
230709,Steady on the Beam,450,21,False,images/230709_Steady on the Beam.webp,https://p16-webcast.tiktokcdn.com/img/alisg/webcast-sg/resource/d6a4174d2f5680155191647710f05aa5.png~tplv-obj.webp
437639,Groove Straw,450,4,False,images/437639_Groove Straw.webp,https://p16-webcast.tiktokcdn.com/img/alisg/webcast-sg/resource/bc2ddce8e37e383fad04b39083cbb1ab.png~tplv-obj.webp
444843,Over the Cloud,450,2,True,images/444843_Over the Cloud.webp,https://p16-webcast.tiktokcdn.com/img/alisg/webcast-sg/resource/ccd4ab7671ba4cae00f8f3c2b7e316c2.png~tplv-obj.webp
5731,Coral,499,2,True,images/5731_Coral.webp,https://p16-webcast.tiktokcdn.com/img/maliva/webcast-va/d4faa402c32bf4f92bee654b2663d9f1~tplv-obj.webp
8244,Hands Up,499,2,True,images/8244_Hands Up.webp,https://p16-webcast.tiktokcdn.com/img/maliva/webcast-va/f4d906542408e6c87cf0a42f7426f0c6~tplv-obj.webp
17983,Rose Soundwave,499,4,False,images/17983_Rose Soundwave.webp,https://p16-webcast.tiktokcdn.com/img/alisg/webcast-sg/resource/116f10b4d15bcfc0c945554778d52c7c.png~tplv-obj.webp
230707,Eye on the Ball,499,21,False,images/230707_Eye on the Ball.webp,https://p16-webcast.tiktokcdn.com/img/alisg/webcast-sg/resource/d51f4635c731cb50a8fae54d65eee71e.png~tplv-obj.webp
437709,Key Master,499,4,False,images/437709_Key Master.webp,https://p16-webcast.tiktokcdn.com/img/alisg/webcast-sg/resource/f4d326af96042b6f542dca3c91e67fb8.png~tplv-obj.webp
1177527,Singing Buffalo,499,2,True,images/1177527_Singing Buffalo.webp,https://p16-webcast.tiktokcdn.com/img/alisg/webcast-sg/resource/d30e4ad7b1b04bf4fa89c19d296b13ec.png~tplv-obj.webp
7122,Gem Gun,500,2,True,images/7122_Gem Gun.webp,https://p16-webcast.tiktokcdn.com/img/maliva/webcast-va/dd06007ade737f1001977590b11d3f61~tplv-obj.webp
7168,Money Gun,500,2,True,images/7168_Money Gun.webp,https://p16-webcast.tiktokcdn.com/img/maliva/webcast-va/e0589e95a2b41970f0f30f6202f5fce6~tplv-obj.webp
9948,You’re Amazing,500,2,True,images/9948_You’re Amazing.webp,https://p16-webcast.tiktokcdn.com/img/maliva/webcast-va/resource/b48c69f4df49c28391bcc069bbc31b41.png~tplv-obj.webp
10017,Love Balloon,500,2,True,images/10017_Love Balloon.webp,https://p16-webcast.tiktokcdn.com/img/maliva/webcast-va/resource/2db38e8f2a9fb804cb7d3bd2a0ba635c.png~tplv-obj.webp
10667,VR Goggles,500,4,False,images/10667_VR Goggles.webp,https://p16-webcast.tiktokcdn.com/img/maliva/webcast-va/resource/18c51791197b413bbd1b4f1b983bda36.png~tplv-obj.webp
11583,DJ Glasses,500,4,False,images/11583_DJ Glasses.webp,https://p16-webcast.tiktokcdn.com/img/maliva/webcast-va/resource/d4aad726e2759e54a924fbcd628ea143.png~tplv-obj.webp
12110,Manifesting,500,2,True,images/12110_Manifesting.webp,https://p16-webcast.tiktokcdn.com/img/maliva/webcast-va/resource/ca11566ae5a41ec8971cc00b51f78dac.png~tplv-obj.webp
13072,Dragon Crown,500,4,False,images/13072_Dragon Crown.webp,https://p16-webcast.tiktokcdn.com/img/maliva/webcast-va/resource/1d3f3738f57d6a45dd6df904bedd59ae.png~tplv-obj.webp
14883,XXXL Flowers,500,2,True,images/14883_XXXL Flowers.webp,https://p16-webcast.tiktokcdn.com/img/alisg/webcast-sg/resource/f1ead695e8281b7387e40d48fc6b1fb0.png~tplv-obj.webp
15064,Racing Helmet,500,4,False,images/15064_Racing Helmet.webp,https://p16-webcast.tiktokcdn.com/img/alisg/webcast-sg/resource/b9321d0563504990e8fcf73466f4c895.png~tplv-obj.webp
16637,Bunny Crown,500,4,False,images/16637_Bunny Crown.webp,https://p16-webcast.tiktokcdn.com/img/alisg/webcast-sg/resource/296fc5bf7a4df1db6de50d80414c5407.png~tplv-obj.webp
16694,XXXL Flowers,500,2,True,images/16694_XXXL Flowers.webp,https://p16-webcast.tiktokcdn.com/img/alisg/webcast-sg/resource/f1ead695e8281b7387e40d48fc6b1fb0.png~tplv-obj.webp
16897,Magic Prop,500,2,True,images/16897_Magic Prop.webp,https://p16-webcast.tiktokcdn.com/img/alisg/webcast-sg/resource/51b0adff1cf290651c87ec26128658b9.png~tplv-obj.webp
17213,Autumn Leaves,500,2,True,images/17213_Autumn Leaves.webp,https://p16-webcast.tiktokcdn.com/img/alisg/webcast-sg/resource/30adcaf443df63e3bfd2751ad251f87d.png~tplv-obj.webp
18232,Cozy Xmas Set,500,4,False,images/18232_Cozy Xmas Set.webp,https://p16-webcast.tiktokcdn.com/img/alisg/webcast-sg/resource/cea35adc166d87bd2f9ca00580ce80e2.png~tplv-obj.webp
18508,Mystery Box,500,4,False,images/18508_Mystery Box.webp,https://p16-webcast.tiktokcdn.com/img/alisg/webcast-sg/resource/17667837f58f77f6e189617880315f7c.png~tplv-obj.webp
19307,Heart Guitar,500,4,False,images/19307_Heart Guitar.webp,https://p16-webcast.tiktokcdn.com/img/alisg/webcast-sg/resource/5fcee4f89ea8119ecc5e9c47c008d54b.png~tplv-obj.webp
54725,Baby Chicks,500,4,False,images/54725_Baby Chicks.webp,https://p16-webcast.tiktokcdn.com/img/alisg/webcast-sg/resource/f1b0b043890f33ba610f2b30fffad49f.png~tplv-obj.webp
56590,Prairie Diny,500,2,True,images/56590_Prairie Diny.webp,https://p16-webcast.tiktokcdn.com/img/alisg/webcast-sg/resource/adfedd8992012cf75ddce5496335d16c.png~tplv-obj.webp
56591,Prairie Tom,500,2,True,images/56591_Prairie Tom.webp,https://p16-webcast.tiktokcdn.com/img/alisg/webcast-sg/resource/32154aa9a0fab3d772475044c03e5dc7.png~tplv-obj.webp
56592,Prairie Blitzy,500,2,True,images/56592_Prairie Blitzy.webp,https://p16-webcast.tiktokcdn.com/img/alisg/webcast-sg/resource/1ccdd049480b94bb71516e554802024f.png~tplv-obj.webp
56593,Prairie Cooper,500,2,True,images/56593_Prairie Cooper.webp,https://p16-webcast.tiktokcdn.com/img/alisg/webcast-sg/resource/9af6a041ed6a17c927a9065970c34baf.png~tplv-obj.webp
56594,Jungle Diny,500,2,True,images/56594_Jungle Diny.webp,https://p16-webcast.tiktokcdn.com/img/alisg/webcast-sg/resource/e45ac77c24fb1cbe25bdfeffdf648b4e.png~tplv-obj.webp
56595,Jungle Tom,500,2,True,images/56595_Jungle Tom.webp,https://p16-webcast.tiktokcdn.com/img/alisg/webcast-sg/resource/35ee084d755964dca0d11fb4c2d47108.png~tplv-obj.webp
56596,Jungle Blitzy,500,2,True,images/56596_Jungle Blitzy.webp,https://p16-webcast.tiktokcdn.com/img/alisg/webcast-sg/resource/d82ab0f0fbcf33755e41f4542b94dadd.png~tplv-obj.webp
56597,Jungle Cooper,500,2,True,images/56597_Jungle Cooper.webp,https://p16-webcast.tiktokcdn.com/img/alisg/webcast-sg/resource/e5fb5ade8480a67eb34604672bd47aa8.png~tplv-obj.webp
57011,Starry Fluff,500,4,False,images/57011_Starry Fluff.webp,https://p16-webcast.tiktokcdn.com/img/alisg/webcast-sg/resource/f5e709a56ba9e238f0a87dfd4510b44f.png~tplv-obj.webp
59320,Mystery Box,500,1,True,images/59320_Mystery Box.webp,https://p16-webcast.tiktokcdn.com/img/alisg/webcast-sg/resource/072142399e6e37c05107a687b274b91b.png~tplv-obj.webp
59882,Shell of a Warrior,500,4,False,images/59882_Shell of a Warrior.webp,https://p16-webcast.tiktokcdn.com/img/alisg/webcast-sg/resource/b56ae46e704d451ca4477042363d7f2c.png~tplv-obj.webp
60553,Roo Mother,500,4,False,images/60553_Roo Mother.webp,https://p16-webcast.tiktokcdn.com/img/alisg/webcast-sg/resource/21ecb3e59170b2fa5a38d23823cff6ff.png~tplv-obj.webp
118928,Lost in Your Music,500,2,True,images/118928_Lost in Your Music.webp,https://p16-webcast.tiktokcdn.com/img/alisg/webcast-sg/resource/cc2fe165b4365bda331c47f0fd212acd.png~tplv-obj.webp
131887,Match Master,500,4,False,images/131887_Match Master.webp,https://p16-webcast.tiktokcdn.com/img/alisg/webcast-sg/resource/551aa0d1e451907db4ef2924de8156f3.png~tplv-obj.webp
139584,Drum Pop,500,2,True,images/139584_Drum Pop.webp,https://p16-webcast.tiktokcdn.com/img/alisg/webcast-sg/resource/b446be331b24f136afbdff8eaf5cf9d5.png~tplv-obj.webp
166581,Sound Spell,500,4,False,images/166581_Sound Spell.webp,https://p16-webcast.tiktokcdn.com/img/alisg/webcast-sg/resource/39628d1ff0e4ec68e4053fd936bee2a8.png~tplv-obj.webp
437689,Drum Genius,500,4,False,images/437689_Drum Genius.webp,https://p16-webcast.tiktokcdn.com/img/alisg/webcast-sg/resource/e36563ca73d22d82d51fd0317d0dcf6d.png~tplv-obj.webp
638006,Out Pops Jollie!,500,2,True,images/638006_Out Pops Jollie!.webp,https://p16-webcast.tiktokcdn.com/img/alisg/webcast-sg/resource/e53788667317b88089b3e8728c67100f.png~tplv-obj.webp
842710,Honey Strummer,500,4,False,images/842710_Honey Strummer.webp,https://p16-webcast.tiktokcdn.com/img/alisg/webcast-sg/resource/dc29a63f887723774f536e65fd449e56.png~tplv-obj.webp
946648,HeartBeats,500,4,False,images/946648_HeartBeats.webp,https://p16-webcast.tiktokcdn.com/img/alisg/webcast-sg/resource/7106a1ee69968823cef12444172094eb.png~tplv-obj.webp
17947,Bubbly Kiss,530,2,True,images/17947_Bubbly Kiss.webp,https://p16-webcast.tiktokcdn.com/img/alisg/webcast-sg/resource/780e304a1f0926d9e4b08e4665bbc93d.png~tplv-obj.webp
57593,Hive Escape,549,4,False,images/57593_Hive Escape.webp,https://p16-webcast.tiktokcdn.com/img/alisg/webcast-sg/resource/92bd8c4f0d4fef2cee16e9adcd50a222.png~tplv-obj.webp
58238,Drum Hamster,549,4,False,images/58238_Drum Hamster.webp,https://p16-webcast.tiktokcdn.com/img/alisg/webcast-sg/resource/a7b5c0dd3569b6bea5e4456bd8b38da7.png~tplv-obj.webp
14532,Fully Bloomed Sakura,599,2,True,images/14532_Fully Bloomed Sakura.webp,https://p16-webcast.tiktokcdn.com/img/alisg/webcast-sg/resource/138d5ae217170678f87d632d1b3649e6.png~tplv-obj.webp
19068,League Trophy,599,2,True,images/19068_League Trophy.webp,https://p16-webcast.tiktokcdn.com/img/alisg/webcast-sg/resource/fe5bf1d97adafcdc675222a9facfe6ee.png~tplv-obj.webp
62487,Soccer Holo,599,2,True,images/62487_Soccer Holo.webp,https://p16-webcast.tiktokcdn.com/img/alisg/webcast-sg/resource/a24eb19fa7391552d68fb4201934631a.png~tplv-obj.webp
16672,Join Butterflies,600,4,False,images/16672_Join Butterflies.webp,https://p16-webcast.tiktokcdn.com/img/alisg/webcast-sg/resource/79afcda7ceb1228d393f4987e12a857c.png~tplv-obj.webp
166576,Sakura-style DJ,600,4,False,images/166576_Sakura-style DJ.webp,https://p16-webcast.tiktokcdn.com/img/alisg/webcast-sg/resource/b2b60cbadb2a4ac3b73c1af63c1be972.png~tplv-obj.webp
58235,Seahorse Pop,649,4,False,images/58235_Seahorse Pop.webp,https://p16-webcast.tiktokcdn.com/img/alisg/webcast-sg/resource/7b023066149c8d1f865348257d49556f.png~tplv-obj.webp
5897,Swan,699,2,True,images/5897_Swan.webp,https://p16-webcast.tiktokcdn.com/img/maliva/webcast-va/97a26919dbf6afe262c97e22a83f4bf1~tplv-obj.webp
14381,Colorful Wings,700,4,False,images/14381_Colorful Wings.webp,https://p16-webcast.tiktokcdn.com/img/alisg/webcast-sg/resource/67f29babb4506da83fed2d9143e6079b.png~tplv-obj.webp
657024,Sax Appeal,700,2,True,images/657024_Sax Appeal.webp,https://p16-webcast.tiktokcdn.com/img/alisg/webcast-sg/resource/1519809f265378212c1d120f7921a64e.png~tplv-obj.webp
19133,Love Flight,800,2,True,images/19133_Love Flight.webp,https://p16-webcast.tiktokcdn.com/img/alisg/webcast-sg/resource/ed700c6f77e12689ca0e8f9b3bd90982.png~tplv-obj.webp
118817,Epic Pianist,800,2,True,images/118817_Epic Pianist.webp,https://p16-webcast.tiktokcdn.com/img/alisg/webcast-sg/resource/5502bfb46b11ef92c70597eae10b35e3.png~tplv-obj.webp
5978,Train,899,2,True,images/5978_Train.webp,https://p16-webcast.tiktokcdn.com/img/maliva/webcast-va/4227ed71f2c494b554f9cbe2147d4899~tplv-obj.webp
440687,Kindom of Night,899,2,True,images/440687_Kindom of Night.webp,https://p16-webcast.tiktokcdn.com/img/alisg/webcast-sg/resource/534e37b8860337dd84df6deb2a4c0793.png~tplv-obj.webp
1137707,Stage Wiggle,899,2,True,images/1137707_Stage Wiggle.webp,https://p16-webcast.tiktokcdn.com/img/alisg/webcast-sg/resource/85b4633803e2f7ca5aadc1176a32cacd.png~tplv-obj.webp
1143819,Box of destiny,899,2,True,images/1143819_Box of destiny.webp,https://p16-webcast.tiktokcdn.com/img/alisg/webcast-sg/resource/0adc6a264628317c6857bd060e7a3081.png~tplv-obj.webp
985636,Funky Hatter,900,4,False,images/985636_Funky Hatter.webp,https://p16-webcast.tiktokcdn.com/img/alisg/webcast-sg/resource/453a17708fbb676e36ea9e1de5e768e7.png~tplv-obj.webp
6233,Travel with You,999,2,True,images/6233_Travel with You.webp,https://p16-webcast.tiktokcdn.com/img/maliva/webcast-va/753098e5a8f45afa965b73616c04cf89~tplv-obj.webp
9138,Trending Figure,999,2,True,images/9138_Trending Figure.webp,https://p16-webcast.tiktokcdn.com/img/maliva/webcast-va/resource/df7b556ccf369bf9a42fe83ec8a77acf.png~tplv-obj.webp
9717,Lucky Airdrop Box,999,2,True,images/9717_Lucky Airdrop Box.webp,https://p16-webcast.tiktokcdn.com/img/maliva/webcast-va/resource/6ae56f08ae3ee57ea2dda0025bfd39d3.png~tplv-obj.webp
15205,Flamingo Floaty,999,2,True,images/15205_Flamingo Floaty.webp,https://p16-webcast.tiktokcdn.com/img/alisg/webcast-sg/resource/66b00f97a576cb9b63d981a079ebefb1.png~tplv-obj.webp
16749,Grand show,999,2,True,images/16749_Grand show.webp,https://p16-webcast.tiktokcdn.com/img/alisg/webcast-sg/resource/61348c8f1a776122088de3d43fc16fab.png~tplv-obj.webp
59589,Music Burst,999,2,True,images/59589_Music Burst.webp,https://p16-webcast.tiktokcdn.com/img/alisg/webcast-sg/resource/695bef7983e7a16e2fe1d130cc1be8bc.png~tplv-obj.webp
6781,Watermelon Love,1000,2,True,images/6781_Watermelon Love.webp,https://p16-webcast.tiktokcdn.com/img/maliva/webcast-va/1d1650cd9bb0e39d72a6e759525ffe59~tplv-obj.webp
7123,Shiny Air Balloon,1000,2,True,images/7123_Shiny Air Balloon.webp,https://p16-webcast.tiktokcdn.com/img/alisg/webcast-sg/resource/de1e4ae3f578dc6a8b4918cd3d4c1abd.png~tplv-obj.webp
9498,Blooming Ribbons,1000,2,True,images/9498_Blooming Ribbons.webp,https://p16-webcast.tiktokcdn.com/img/maliva/webcast-va/resource/f76750ab58ee30fc022c9e4e11d25c9d.png~tplv-obj.webp
11046,Galaxy,1000,2,True,images/11046_Galaxy.webp,https://p16-webcast.tiktokcdn.com/img/maliva/webcast-va/resource/79a02148079526539f7599150da9fd28.png~tplv-obj.webp
11862,Glowing Jellyfish,1000,2,True,images/11862_Glowing Jellyfish.webp,https://p16-webcast.tiktokcdn.com/img/maliva/webcast-va/resource/96d9226ef1c33784a24d0779ad3029d3.png~tplv-obj.webp
13302,Sparkle Dance,1000,1,True,images/13302_Sparkle Dance.webp,https://p16-webcast.tiktokcdn.com/img/maliva/webcast-va/resource/6d934aacf296e6f24d75b8b2aa4fb22f.png~tplv-obj.webp
14397,Fairy Wings,1000,4,False,images/14397_Fairy Wings.webp,https://p16-webcast.tiktokcdn.com/img/alisg/webcast-sg/resource/d9798af8e406e718e66322caddf04440.png~tplv-obj.webp
14399,Flamingo Groove,1000,4,False,images/14399_Flamingo Groove.webp,https://p16-webcast.tiktokcdn.com/img/alisg/webcast-sg/resource/ef1e4cf78bb27e6164f53e1695e7a5bc.png~tplv-obj.webp
56598,Firepit Diny,1000,2,True,images/56598_Firepit Diny.webp,https://p16-webcast.tiktokcdn.com/img/alisg/webcast-sg/resource/72a65ac318d312205722af6155d0f515.png~tplv-obj.webp
56599,Firepit Tom,1000,2,True,images/56599_Firepit Tom.webp,https://p16-webcast.tiktokcdn.com/img/alisg/webcast-sg/resource/f6667616681d4ef9f5945ccef351c854.png~tplv-obj.webp
56600,Firepit Blitzy,1000,2,True,images/56600_Firepit Blitzy.webp,https://p16-webcast.tiktokcdn.com/img/alisg/webcast-sg/resource/8aa0c072b2c5d71f4d2504a00c5fe08a.png~tplv-obj.webp
56601,Firepit Cooper,1000,2,True,images/56601_Firepit Cooper.webp,https://p16-webcast.tiktokcdn.com/img/alisg/webcast-sg/resource/f464e4a99446b547d6b2249a962c7086.png~tplv-obj.webp
56602,Desert Diny,1000,2,True,images/56602_Desert Diny.webp,https://p16-webcast.tiktokcdn.com/img/alisg/webcast-sg/resource/f113fb9245bd7a936ddbedaf0a0f42b9.png~tplv-obj.webp
56603,Desert Tom,1000,2,True,images/56603_Desert Tom.webp,https://p16-webcast.tiktokcdn.com/img/alisg/webcast-sg/resource/97c9e63f89ad26b6b84a471ae60f1935.png~tplv-obj.webp
56604,Desert Blitzy,1000,2,True,images/56604_Desert Blitzy.webp,https://p16-webcast.tiktokcdn.com/img/alisg/webcast-sg/resource/802026bfb4c7aa6d267bc773ac2a4746.png~tplv-obj.webp
56605,Desert Cooper,1000,2,True,images/56605_Desert Cooper.webp,https://p16-webcast.tiktokcdn.com/img/alisg/webcast-sg/resource/4c571e1b88028b8abc1758c8f55fd383.png~tplv-obj.webp
56606,Tundra Diny,1000,2,True,images/56606_Tundra Diny.webp,https://p16-webcast.tiktokcdn.com/img/alisg/webcast-sg/resource/a689e0a5a9f88b2f6225f5db8411f8ca.png~tplv-obj.webp
56607,Tundra Tom,1000,2,True,images/56607_Tundra Tom.webp,https://p16-webcast.tiktokcdn.com/img/alisg/webcast-sg/resource/dfee67f570dd81056ac2f3d783959a98.png~tplv-obj.webp
56608,Tundra Blitzy,1000,2,True,images/56608_Tundra Blitzy.webp,https://p16-webcast.tiktokcdn.com/img/alisg/webcast-sg/resource/eedbfd263f8817d34f3690900cb571b9.png~tplv-obj.webp
56609,Tundra Cooper,1000,2,True,images/56609_Tundra Cooper.webp,https://p16-webcast.tiktokcdn.com/img/alisg/webcast-sg/resource/2a60e733698f3cb36904bb716d736d2a.png~tplv-obj.webp
59321,Magic Potion,1000,1,True,images/59321_Magic Potion.webp,https://p16-webcast.tiktokcdn.com/img/alisg/webcast-sg/resource/6c23ae1c6775bddde447dec074cd5940.png~tplv-obj.webp
131888,Matchtacular!,1000,2,True,images/131888_Matchtacular!.webp,https://p16-webcast.tiktokcdn.com/img/alisg/webcast-sg/resource/7313da93d4d6aff687f383011e158a61.png~tplv-obj.webp
605187,LIVE Pro Badge,1000,2,True,images/605187_LIVE Pro Badge.webp,https://p16-webcast.tiktokcdn.com/img/alisg/webcast-sg/resource/96d1cf92904427a17d81b868d7dafc91.png~tplv-obj.webp
973086,Iron Rod,1000,2,True,images/973086_Iron Rod.webp,https://p16-webcast.tiktokcdn.com/img/alisg/webcast-sg/resource/a9e5eac5141ca8e358d11e56e7b05468.png~tplv-obj.webp
1137733,A Garden Yonder,1000,2,True,images/1137733_A Garden Yonder.webp,https://p16-webcast.tiktokcdn.com/img/alisg/webcast-sg/resource/d1e12daf46797d62ff83478f6b0988f5.png~tplv-obj.webp
17948,Joy Floats,1030,2,True,images/17948_Joy Floats.webp,https://p16-webcast.tiktokcdn.com/img/alisg/webcast-sg/resource/be17076f04429b60eb2d7c3e03a2ea9d.png~tplv-obj.webp
17950,Candy Puffs,1030,2,True,images/17950_Candy Puffs.webp,https://p16-webcast.tiktokcdn.com/img/alisg/webcast-sg/resource/776b2cab31f92e2592d27a4c6bd3df53.png~tplv-obj.webp
6090,Fireworks,1088,2,True,images/6090_Fireworks.webp,https://p16-webcast.tiktokcdn.com/img/maliva/webcast-va/9494c8a0bc5c03521ef65368e59cc2b8~tplv-obj.webp
16051,Diamond,1099,2,True,images/16051_Diamond.webp,https://p16-webcast.tiktokcdn.com/img/alisg/webcast-sg/resource/55ee5e871f7f413d24521f824682bb10.png~tplv-obj.webp
18709,Exclusive Spark,1099,2,True,images/18709_Exclusive Spark.webp,https://p16-webcast.tiktokcdn.com/img/alisg/webcast-sg/resource/9108da5ad7e112db04db2ce97b81d527.png~tplv-obj.webp
13263,Umbrella of Love,1200,4,False,images/13263_Umbrella of Love.webp,https://p16-webcast.tiktokcdn.com/img/maliva/webcast-va/resource/3b1e8de86d841496b87567014827537b.png~tplv-obj.webp
16427,Starlight Sceptre,1200,2,True,images/16427_Starlight Sceptre.webp,https://p16-webcast.tiktokcdn.com/img/alisg/webcast-sg/resource/bcb3636b904fe6050d6a47efb1eafd2c.png~tplv-obj.webp
437679,Bunny DJ,1200,4,False,images/437679_Bunny DJ.webp,https://p16-webcast.tiktokcdn.com/img/alisg/webcast-sg/resource/a153c23e583bb07d39c6fa5789c865fd.png~tplv-obj.webp
18176,Frozen Magic,1299,2,True,images/18176_Frozen Magic.webp,https://p16-webcast.tiktokcdn.com/img/alisg/webcast-sg/resource/b6433ca3480a06676159fc0d45cbd075.png~tplv-obj.webp
115516,Hydrangea Sea,1299,2,True,images/115516_Hydrangea Sea.webp,https://p16-webcast.tiktokcdn.com/img/alisg/webcast-sg/resource/0e821f9f9a67f7299e6939b7823d8ab6.png~tplv-obj.webp
607175,Spider Web,1299,2,True,images/607175_Spider Web.webp,https://p16-webcast.tiktokcdn.com/img/alisg/webcast-sg/resource/c9b932ffdbe2ce97bc30640a6e5aadde.png~tplv-obj.webp
607181,Spider Web 2.0,1299,2,True,images/607181_Spider Web 2.0.webp,https://p16-webcast.tiktokcdn.com/img/alisg/webcast-sg/resource/24ca3a86f375dbb98f80b66071d47776.png~tplv-obj.webp
13032,Autumn Picnic,1300,2,True,images/13032_Autumn Picnic.webp,https://p16-webcast.tiktokcdn.com/img/maliva/webcast-va/resource/f33e074aa9308800afec8c0ecaa0ef42.png~tplv-obj.webp
52616,Party Laser,1300,2,True,images/52616_Party Laser.webp,https://p16-webcast.tiktokcdn.com/img/alisg/webcast-sg/resource/469999dc1598d243114e9969f8d19467.png~tplv-obj.webp
14398,Vibrant Stage,1400,4,False,images/14398_Vibrant Stage.webp,https://p16-webcast.tiktokcdn.com/img/alisg/webcast-sg/resource/ae0a1abca4313c916e2a4e40813d90d6.png~tplv-obj.webp
6414,Wedding,1500,2,True,images/6414_Wedding.webp,https://p16-webcast.tiktokcdn.com/img/maliva/webcast-va/0115cb20f6629dc50d39f6b747bddf73~tplv-obj.webp
7467,Chasing the Dream,1500,2,True,images/7467_Chasing the Dream.webp,https://p16-webcast.tiktokcdn.com/img/maliva/webcast-va/1ea8dbb805466c4ced19f29e9590040f~tplv-obj.webp
9824,Lover’s Lock,1500,2,True,images/9824_Lover’s Lock.webp,https://p16-webcast.tiktokcdn.com/img/maliva/webcast-va/resource/f3010d1fcb008ce1b17248e5ea18b178.png~tplv-obj.webp
9909,Greeting Card,1500,2,True,images/9909_Greeting Card.webp,https://p16-webcast.tiktokcdn.com/img/maliva/webcast-va/resource/dac91f95d4135654fe16d09369dd8355.png~tplv-obj.webp
10668,Future Encounter,1500,2,True,images/10668_Future Encounter.webp,https://p16-webcast.tiktokcdn.com/img/maliva/webcast-va/resource/af980f4ec9ed73f3229df8dfb583abe6.png~tplv-obj.webp
11584,Under Control,1500,2,True,images/11584_Under Control.webp,https://p16-webcast.tiktokcdn.com/img/maliva/webcast-va/resource/af67b28480c552fd8e8c0ae088d07a1d.png~tplv-obj.webp
12852,Level Ship,1500,2,True,images/12852_Level Ship.webp,https://p16-webcast.tiktokcdn.com/img/alisg/webcast-sg/resource/61863cebe02f25d95f187d3b0033718d.png~tplv-obj.webp
14534,Raya Gift Card,1500,2,True,images/14534_Raya Gift Card.webp,https://p16-webcast.tiktokcdn.com/img/alisg/webcast-sg/resource/b83e4e9e80e501617b6d01582109c00f.png~tplv-obj.webp
15065,Racing Debut,1500,2,True,images/15065_Racing Debut.webp,https://p16-webcast.tiktokcdn.com/img/alisg/webcast-sg/resource/b5ac8bb9da5569185bfdc1be357d3906.png~tplv-obj.webp
17949,You're So Fly,1500,2,True,images/17949_You're So Fly.webp,https://p16-webcast.tiktokcdn.com/img/alisg/webcast-sg/resource/6250163a81c588fca53191e2ae01031a.png~tplv-obj.webp
17951,Astrobear,1500,2,True,images/17951_Astrobear.webp,https://p16-webcast.tiktokcdn.com/img/alisg/webcast-sg/resource/9a8c487c3245fbce45f83f1d4dbb956e.png~tplv-obj.webp
18299,Viking Hammer,1500,2,True,images/18299_Viking Hammer.webp,https://p16-webcast.tiktokcdn.com/img/alisg/webcast-sg/resource/5b95101816bc9f61f65bd265641ef4d6.png~tplv-obj.webp
52617,Wild Mic,1500,2,True,images/52617_Wild Mic.webp,https://p16-webcast.tiktokcdn.com/img/alisg/webcast-sg/resource/61e7dc294d766a81abf7bce5591db60c.png~tplv-obj.webp
59883,Ignition Check,1500,2,True,images/59883_Ignition Check.webp,https://p16-webcast.tiktokcdn.com/img/alisg/webcast-sg/resource/f260aeb10751f0ad9092e6c0c52c950e.png~tplv-obj.webp
13711,Shooting Stars,1580,2,True,images/13711_Shooting Stars.webp,https://p16-webcast.tiktokcdn.com/img/maliva/webcast-va/resource/b79f212fa1831d128ed9ae78538d9485.png~tplv-obj.webp
1165294,Shooting Stars,1580,2,True,images/1165294_Shooting Stars.webp,https://p16-webcast.tiktokcdn.com/img/alisg/webcast-sg/resource/b79f212fa1831d128ed9ae78538d9485.png~tplv-obj.webp
14658,Blooming Heart,1599,2,True,images/14658_Blooming Heart.webp,https://p16-webcast.tiktokcdn.com/img/alisg/webcast-sg/resource/ff5453b7569d482c873163ce4b1fb703.png~tplv-obj.webp
223562,Penlight,1599,2,True,images/223562_Penlight.webp,https://p16-webcast.tiktokcdn.com/img/alisg/webcast-sg/resource/f9a026be1ba5c9db25ef92a5308bcbec.png~tplv-obj.webp
657042,Hug It Better,1600,2,True,images/657042_Hug It Better.webp,https://p16-webcast.tiktokcdn.com/img/alisg/webcast-sg/resource/1569f2951c105604f89f375d0b27fdc2.png~tplv-obj.webp
867066,Crystal Ball,1700,2,True,images/867066_Crystal Ball.webp,https://p16-webcast.tiktokcdn.com/img/alisg/webcast-sg/resource/7e4f9a99b7003ae05186f5324aae9fbf.png~tplv-obj.webp
8245,Here We Go,1799,2,True,images/8245_Here We Go.webp,https://p16-webcast.tiktokcdn.com/img/maliva/webcast-va/61b76a51a3757f0ff1cdc33b16c4d8ae~tplv-obj.webp
8277,Love Drop,1800,2,True,images/8277_Love Drop.webp,https://p16-webcast.tiktokcdn.com/img/maliva/webcast-va/1ea684b3104abb725491a509022f7c02~tplv-obj.webp
16670,Fox Legend,1800,4,False,images/16670_Fox Legend.webp,https://p16-webcast.tiktokcdn.com/img/alisg/webcast-sg/resource/fac01b1cc3a676a38e749959faca9fb2.png~tplv-obj.webp
105795,Freestyle,1800,2,True,images/105795_Freestyle.webp,https://p16-webcast.tiktokcdn.com/img/alisg/webcast-sg/resource/f2e3e6c9dba93abe56ffbd2af60309d3.png~tplv-obj.webp
6789,Star of Red Carpet,1999,2,True,images/6789_Star of Red Carpet.webp,https://p16-webcast.tiktokcdn.com/img/maliva/webcast-va/5b9bf90278f87b9ca0c286d3c8a12936~tplv-obj.webp
6862,Cooper Flies Home,1999,2,True,images/6862_Cooper Flies Home.webp,https://p16-webcast.tiktokcdn.com/img/maliva/webcast-va/3f1945b0d96e665a759f747e5e0cf7a9~tplv-obj.webp
7529,Mystery Firework,1999,2,True,images/7529_Mystery Firework.webp,https://p16-webcast.tiktokcdn.com/img/maliva/webcast-va/c110230c5db903db5f060a432f5a86cd~tplv-obj.webp
17550,Catch the Harvest,1999,2,True,images/17550_Catch the Harvest.webp,https://p16-webcast.tiktokcdn.com/img/alisg/webcast-sg/resource/b317a3e04d7a9c2868ba63b5bd80caa7.png~tplv-obj.webp
18790,Doll New Year Greeting,1999,2,True,images/18790_Doll New Year Greeting.webp,https://p16-webcast.tiktokcdn.com/img/alisg/webcast-sg/resource/5ec37123593a6fd309cee3ddc1f93de6.png~tplv-obj.webp
946652,Getting Ready,1999,2,True,images/946652_Getting Ready.webp,https://p16-webcast.tiktokcdn.com/img/alisg/webcast-sg/resource/52a720951708e57b25b8e495bd111e33.png~tplv-obj.webp
10423,Club Music,2000,2,True,images/10423_Club Music.webp,https://p16-webcast.tiktokcdn.com/img/maliva/webcast-va/resource/610d14c4f6e25a5ae4c8dfc0e82ec909.png~tplv-obj.webp
13463,Crystal Crown,2000,4,False,images/13463_Crystal Crown.webp,https://p16-webcast.tiktokcdn.com/img/maliva/webcast-va/resource/4f7f618d209c8fb1f99757a42f65fa71.png~tplv-obj.webp
17952,Sky Drift,2000,2,True,images/17952_Sky Drift.webp,https://p16-webcast.tiktokcdn.com/img/alisg/webcast-sg/resource/761bac6eb7c53852bfc702282fd9be85.png~tplv-obj.webp
6820,Whale Diving,2150,2,True,images/6820_Whale Diving.webp,https://p16-webcast.tiktokcdn.com/img/maliva/webcast-va/46fa70966d8e931497f5289060f9a794~tplv-obj.webp
14788,Blow Rosie Kisses,2199,4,False,images/14788_Blow Rosie Kisses.webp,https://p16-webcast.tiktokcdn.com/img/alisg/webcast-sg/resource/710076b6be7de742f800c4ab88fab9ff.png~tplv-obj.webp
14789,Jollie's Heartland,2199,2,True,images/14789_Jollie's Heartland.webp,https://p16-webcast.tiktokcdn.com/img/alisg/webcast-sg/resource/0eafd5c28cdb2563f3386679643abb29.png~tplv-obj.webp
14790,Rocky's Punch,2199,4,False,images/14790_Rocky's Punch.webp,https://p16-webcast.tiktokcdn.com/img/alisg/webcast-sg/resource/d17fb8a57c708c4f07f95884131df654.png~tplv-obj.webp
14791,Sage's Coinbot,2199,2,True,images/14791_Sage's Coinbot.webp,https://p16-webcast.tiktokcdn.com/img/alisg/webcast-sg/resource/443c163954f4f7636909fb6980518745.png~tplv-obj.webp
52618,Wave Lights,2200,2,True,images/52618_Wave Lights.webp,https://p16-webcast.tiktokcdn.com/img/alisg/webcast-sg/resource/5734e71ba84d872c08d8c68e94b5ce36.png~tplv-obj.webp
57318,Stars Honor,2200,2,True,images/57318_Stars Honor.webp,https://p16-webcast.tiktokcdn.com/img/alisg/webcast-sg/resource/426ba264c0412f1cebe19b2bb1178399.png~tplv-obj.webp
17953,By the Glaziers,2380,2,True,images/17953_By the Glaziers.webp,https://p16-webcast.tiktokcdn.com/img/alisg/webcast-sg/resource/89106a5f53730a2aa745d74602bb9e1c.png~tplv-obj.webp
62501,Tom Thunderfoot,2499,2,True,images/62501_Tom Thunderfoot.webp,https://p16-webcast.tiktokcdn.com/img/alisg/webcast-sg/resource/d4b6678e07d123b38531cfebc8f2a24f.png~tplv-obj.webp
11811,Animal Band,2500,4,False,images/11811_Animal Band.webp,https://p16-webcast.tiktokcdn.com/img/maliva/webcast-va/resource/60d8c4148c9cd0c268e570741ccf4150.png~tplv-obj.webp
60075,FANDOM Cheer,2500,2,True,images/60075_FANDOM Cheer.webp,https://p16-webcast.tiktokcdn.com/img/alisg/webcast-sg/resource/e361cafb0a92f7994442b9e72a6379e1.png~tplv-obj.webp
139586,Celebration Tape,2800,2,True,images/139586_Celebration Tape.webp,https://p16-webcast.tiktokcdn.com/img/alisg/webcast-sg/resource/54ebb513c937a6f68f97273e200fbab1.png~tplv-obj.webp
17954,Samfaring Tom,2850,2,True,images/17954_Samfaring Tom.webp,https://p16-webcast.tiktokcdn.com/img/alisg/webcast-sg/resource/d170a2612408d59bde870ffae406747b.png~tplv-obj.webp
5765,Motorcycle,2988,2,True,images/5765_Motorcycle.webp,https://p16-webcast.tiktokcdn.com/img/alisg/webcast-sg/motor_icon_green.png~tplv-obj.webp
8889,Pink Dream,2988,2,True,images/8889_Pink Dream.webp,https://p16-webcast.tiktokcdn.com/img/maliva/webcast-va/resource/0de49ea9a79e65307c674596da517792.png~tplv-obj.webp
14048,Pink Dream,2988,2,True,images/14048_Pink Dream.webp,https://p16-webcast.tiktokcdn.com/img/maliva/webcast-va/resource/0de49ea9a79e65307c674596da517792.png~tplv-obj.webp
16940,Ice Cream Truck,2988,2,True,images/16940_Ice Cream Truck.webp,https://p16-webcast.tiktokcdn.com/img/alisg/webcast-sg/resource/858e9f4a507368b572738981e969b465.png~tplv-obj.webp
9468,Rhythmic Bear,2999,2,True,images/9468_Rhythmic Bear.webp,https://p16-webcast.tiktokcdn.com/img/alisg/webcast-sg/resource/380ced1977319859807292ce490993d2.png~tplv-obj.webp
12679,Level-up Spotlight,2999,2,True,images/12679_Level-up Spotlight.webp,https://p16-webcast.tiktokcdn.com/img/maliva/webcast-va/resource/9a87567b4bb63b175f146745af412bb5.png~tplv-obj.webp
17281,Love in Sunset,2999,2,True,images/17281_Love in Sunset.webp,https://p16-webcast.tiktokcdn.com/img/alisg/webcast-sg/resource/690750b0d08a67f0babaa1fd031ce84c.png~tplv-obj.webp
17762,Party Bus,2999,2,True,images/17762_Party Bus.webp,https://p16-webcast.tiktokcdn.com/img/alisg/webcast-sg/resource/719e1f271c29f2165bda5d787501c307.png~tplv-obj.webp
18791,Ring Of Honor-Cube,2999,2,True,images/18791_Ring Of Honor-Cube.webp,https://p16-webcast.tiktokcdn.com/img/alisg/webcast-sg/resource/bb5cbc1ff2bf4370873a1fe98e2b6b50.png~tplv-obj.webp
54726,Surprise Baby Mob,2999,2,True,images/54726_Surprise Baby Mob.webp,https://p16-webcast.tiktokcdn.com/img/alisg/webcast-sg/resource/f074f1f73a40902e6087c6ccc747b88f.png~tplv-obj.webp
56080,Surprise Baby Mob,2999,2,True,images/56080_Surprise Baby Mob.webp,https://p16-webcast.tiktokcdn.com/img/alisg/webcast-sg/resource/abd6c56f59d4f7e097fd7dcd32995ef6.png~tplv-obj.webp
62819,Community Rally,2999,2,True,images/62819_Community Rally.webp,https://p16-webcast.tiktokcdn.com/img/alisg/webcast-sg/resource/975476a220c95dd1a8a167565485c210.png~tplv-obj.webp
131894,Match Maniac,2999,2,True,images/131894_Match Maniac.webp,https://p16-webcast.tiktokcdn.com/img/alisg/webcast-sg/resource/cc236c997ba66d75ee6a74b25b968b10.png~tplv-obj.webp
133121,Rosie on Stage,2999,4,False,images/133121_Rosie on Stage.webp,https://p16-webcast.tiktokcdn.com/img/alisg/webcast-sg/resource/4bda29ff82aad845a13ec0e4549142ab.png~tplv-obj.webp
1241064,Ray Serenade,2999,2,True,images/1241064_Ray Serenade.webp,https://p16-webcast.tiktokcdn.com/img/alisg/webcast-sg/resource/9d3f9c9dbfc70f136d1070c2d730bf12.png~tplv-obj.webp
6563,Meteor Shower,3000,2,True,images/6563_Meteor Shower.webp,https://p16-webcast.tiktokcdn.com/img/maliva/webcast-va/71883933511237f7eaa1bf8cd12ed575~tplv-obj.webp
59322,Summoning Horn,3000,1,True,images/59322_Summoning Horn.webp,https://p16-webcast.tiktokcdn.com/img/alisg/webcast-sg/resource/a976032a9325f2c4ef711fea4ded7cbe.png~tplv-obj.webp
56610,Sea Diny,3088,2,True,images/56610_Sea Diny.webp,https://p16-webcast.tiktokcdn.com/img/alisg/webcast-sg/resource/cbe9ac457d2cb8f0fb83fbc51997707b.png~tplv-obj.webp
56611,Sea Tom,3088,2,True,images/56611_Sea Tom.webp,https://p16-webcast.tiktokcdn.com/img/alisg/webcast-sg/resource/52dd3147fb1e1ac1d8c0674a5437d98f.png~tplv-obj.webp
56612,Sea Blitzy,3088,2,True,images/56612_Sea Blitzy.webp,https://p16-webcast.tiktokcdn.com/img/alisg/webcast-sg/resource/fc9a249032a0dedd01f86106ff0b54d9.png~tplv-obj.webp
56613,Sea Cooper,3088,2,True,images/56613_Sea Cooper.webp,https://p16-webcast.tiktokcdn.com/img/alisg/webcast-sg/resource/8833bf214cd51ae9d03bcc784815c0e6.png~tplv-obj.webp
52619,Hip-Hop Hen,3200,2,True,images/52619_Hip-Hop Hen.webp,https://p16-webcast.tiktokcdn.com/img/alisg/webcast-sg/resource/796b15068f06c947eeead7517e0bd5e4.png~tplv-obj.webp
17955,Look Up,3350,2,True,images/17955_Look Up.webp,https://p16-webcast.tiktokcdn.com/img/alisg/webcast-sg/resource/87ed725a0b451b9d007a27fb4e315ab9.png~tplv-obj.webp
17956,Dream Big,3350,2,True,images/17956_Dream Big.webp,https://p16-webcast.tiktokcdn.com/img/alisg/webcast-sg/resource/7bc2c2c9cccc164f07841e6575972311.png~tplv-obj.webp
14544,Go Home,3999,2,True,images/14544_Go Home.webp,https://p16-webcast.tiktokcdn.com/img/alisg/webcast-sg/resource/fa586ca53d45cd656d4df2f4624da2a0.png~tplv-obj.webp
115548,LIVE Ranking Party,3999,2,True,images/115548_LIVE Ranking Party.webp,https://p16-webcast.tiktokcdn.com/img/alisg/webcast-sg/resource/018a62473f7a3989a19ced0af369a99e.png~tplv-obj.webp
738532,LIVE Ranking Party,3999,2,True,images/738532_LIVE Ranking Party.webp,https://p16-webcast.tiktokcdn.com/img/alisg/webcast-sg/resource/c80a4a0b3db25e46894ab9d46fe3f85d.png~tplv-obj.webp
444871,Cloud DJ,4000,2,True,images/444871_Cloud DJ.webp,https://p16-webcast.tiktokcdn.com/img/alisg/webcast-sg/resource/e9bfca726137aa63f48d01224911f74e.png~tplv-obj.webp
9532,Shine Bright,4088,2,True,images/9532_Shine Bright.webp,https://p16-webcast.tiktokcdn.com/img/maliva/webcast-va/resource/d4234483e15952a992ae58a088291be1.png~tplv-obj.webp
16899,Magic World,4088,2,True,images/16899_Magic World.webp,https://p16-webcast.tiktokcdn.com/img/alisg/webcast-sg/resource/a91fdba590b29bab1287ec746d8323a8.png~tplv-obj.webp
11810,Your Concert,4500,4,False,images/11810_Your Concert.webp,https://p16-webcast.tiktokcdn.com/img/maliva/webcast-va/resource/86c9c8fb5aa76488b075f139dd575dfe.png~tplv-obj.webp
5767,Private Jet,4888,2,True,images/5767_Private Jet.webp,https://p16-webcast.tiktokcdn.com/img/alisg/webcast-sg/airplane_icon_gold.png~tplv-obj.webp
6646,Leon the Kitten,4888,2,True,images/6646_Leon the Kitten.webp,https://p16-webcast.tiktokcdn.com/img/maliva/webcast-va/a7748baba012c9e2d98a30dce7cc5a27~tplv-obj.webp
7124,Signature Jet,4888,2,True,images/7124_Signature Jet.webp,https://p16-webcast.tiktokcdn.com/img/maliva/webcast-va/fe27eba54a50c0a687e3dc0f2c02067d~tplv-obj.webp
12944,Dynamic Music,4888,2,True,images/12944_Dynamic Music.webp,https://p16-webcast.tiktokcdn.com/img/maliva/webcast-va/resource/001c4ea85c78e9b35b5ae3228686a24c.png~tplv-obj.webp
13604,Fiery Dragon,4888,4,False,images/13604_Fiery Dragon.webp,https://p16-webcast.tiktokcdn.com/img/maliva/webcast-va/resource/8d1281789de0a5dfa69f90ecf0dc1534.png~tplv-obj.webp
17957,Sugar Whiskers,4918,2,True,images/17957_Sugar Whiskers.webp,https://p16-webcast.tiktokcdn.com/img/alisg/webcast-sg/resource/3d306be32f7d6d52c4e74df15a063d45.png~tplv-obj.webp
13061,Sports Car,4999,2,True,images/13061_Sports Car.webp,https://p16-webcast.tiktokcdn.com/img/maliva/webcast-va/resource/201304005bf8f86b533b97ffa88f1abe.png~tplv-obj.webp
14384,Sage’s Venture,4999,2,True,images/14384_Sage’s Venture.webp,https://p16-webcast.tiktokcdn.com/img/alisg/webcast-sg/resource/ea291160b9b69dc5d13938433ba0fae9.png~tplv-obj.webp
16312,Hero Space Ship,4999,2,True,images/16312_Hero Space Ship.webp,https://p16-webcast.tiktokcdn.com/img/alisg/webcast-sg/resource/a384835f6b1fe38987645cbe933f623c.png~tplv-obj.webp
105810,Guardian's Pledge,4999,2,True,images/105810_Guardian's Pledge.webp,https://p16-webcast.tiktokcdn.com/img/alisg/webcast-sg/resource/1fc62b695705581a91cc2f7902eba1d2.png~tplv-obj.webp
115520,Stage of ring,4999,2,True,images/115520_Stage of ring.webp,https://p16-webcast.tiktokcdn.com/img/alisg/webcast-sg/resource/fc5601ce67877245f5a322fb7df64bec.png~tplv-obj.webp
607183,Stage of SpiderMan,4999,2,True,images/607183_Stage of SpiderMan.webp,https://p16-webcast.tiktokcdn.com/img/alisg/webcast-sg/resource/a6cb7004506c070fe75e15980e3f6666.png~tplv-obj.webp
1143821,The Trial of Sea,4999,2,True,images/1143821_The Trial of Sea.webp,https://p16-webcast.tiktokcdn.com/img/alisg/webcast-sg/resource/13798ad9363a9008c9f90d59bea72e60.png~tplv-obj.webp
5338,Unicorn Fantasy,5000,2,True,images/5338_Unicorn Fantasy.webp,https://p16-webcast.tiktokcdn.com/img/maliva/webcast-va/483c644e67e9bb1dd5970f2df00b7576~tplv-obj.webp
6942,Unicorn Fantasy,5000,2,True,images/6942_Unicorn Fantasy.webp,https://p16-webcast.tiktokcdn.com/img/maliva/webcast-va/483c644e67e9bb1dd5970f2df00b7576~tplv-obj.webp
9500,Flying Jets,5000,2,True,images/9500_Flying Jets.webp,https://p16-webcast.tiktokcdn.com/img/maliva/webcast-va/resource/1d067d13988e8754ed6adbebd89b9ee8.png~tplv-obj.webp
10588,Diamond Gun,5000,2,True,images/10588_Diamond Gun.webp,https://p16-webcast.tiktokcdn.com/img/maliva/webcast-va/resource/651e705c26b704d03bc9c06d841808f1.png~tplv-obj.webp
11473,Diamond Gun,5000,2,True,images/11473_Diamond Gun.webp,https://p16-webcast.tiktokcdn.com/img/maliva/webcast-va/resource/651e705c26b704d03bc9c06d841808f1.png~tplv-obj.webp
11838,Diamond Gun,5000,2,True,images/11838_Diamond Gun.webp,https://p16-webcast.tiktokcdn.com/img/maliva/webcast-va/resource/651e705c26b704d03bc9c06d841808f1.png~tplv-obj.webp
15464,Arcane Card,5000,2,True,images/15464_Arcane Card.webp,https://p16-webcast.tiktokcdn.com/img/alisg/webcast-sg/resource/19d48b30090885b8d7ca794c055b2138.png~tplv-obj.webp
17713,Community Power,5000,2,True,images/17713_Community Power.webp,https://p16-webcast.tiktokcdn.com/img/alisg/webcast-sg/resource/0f63a65464097856fb61f500d943c1ad.png~tplv-obj.webp
19071,League Fandom,5000,2,True,images/19071_League Fandom.webp,https://p16-webcast.tiktokcdn.com/img/alisg/webcast-sg/resource/b49db707b60b5e71e7fc2335a5d93b22.png~tplv-obj.webp
56861,Leon's Sigil Cape,5000,2,True,images/56861_Leon's Sigil Cape.webp,https://p16-webcast.tiktokcdn.com/img/alisg/webcast-sg/resource/385d00992b83a2e8a2ab5d8ec82d9715.png~tplv-obj.webp
59994,Crowd Cheering,5000,2,True,images/59994_Crowd Cheering.webp,https://p16-webcast.tiktokcdn.com/img/alisg/webcast-sg/resource/f8801f079c04aa58e0e732340f393740.png~tplv-obj.webp
547121,Desert Wolf,5000,2,True,images/547121_Desert Wolf.webp,https://p16-webcast.tiktokcdn.com/img/alisg/webcast-sg/resource/17d17b4d431c84fc47988da1db8bea90.png~tplv-obj.webp
973116,Mystic Rod,5000,2,True,images/973116_Mystic Rod.webp,https://p16-webcast.tiktokcdn.com/img/alisg/webcast-sg/resource/46424078a24d511062215517b2ae20df.png~tplv-obj.webp
1177528,Turtle at the Lake,5000,2,True,images/1177528_Turtle at the Lake.webp,https://p16-webcast.tiktokcdn.com/img/alisg/webcast-sg/resource/1da4d3b213f84ec9059a46366ce68c70.png~tplv-obj.webp
17958,Fluffy Buddies,5388,2,True,images/17958_Fluffy Buddies.webp,https://p16-webcast.tiktokcdn.com/img/alisg/webcast-sg/resource/368504add2c0f4369d6940552783510e.png~tplv-obj.webp
8469,Wolf,5500,2,True,images/8469_Wolf.webp,https://p16-webcast.tiktokcdn.com/img/maliva/webcast-va/resource/002d5e13fd6cd18b7574b43dc4fd13ae.png~tplv-obj.webp
10517,Desert Wolf,5500,2,True,images/10517_Desert Wolf.webp,https://p16-webcast.tiktokcdn.com/img/maliva/webcast-va/resource/ae6cb704ca336271b4f4799675229eeb.png~tplv-obj.webp
17959,Cub on Clouds,5888,2,True,images/17959_Cub on Clouds.webp,https://p16-webcast.tiktokcdn.com/img/alisg/webcast-sg/resource/e9c3eec846fb6be179ded64e57252918.png~tplv-obj.webp
17960,Valiant Odyssey,5888,2,True,images/17960_Valiant Odyssey.webp,https://p16-webcast.tiktokcdn.com/img/alisg/webcast-sg/resource/3b238017dd782ab45f8243abde1406e7.png~tplv-obj.webp
14163,Star Hero Stage,5999,2,True,images/14163_Star Hero Stage.webp,https://p16-webcast.tiktokcdn.com/img/alisg/webcast-sg/resource/cc48e4fbc1c497b52bcdd4b18f6e70da.png~tplv-obj.webp
14659,Devoted Heart,5999,2,True,images/14659_Devoted Heart.webp,https://p16-webcast.tiktokcdn.com/img/alisg/webcast-sg/resource/bc3e9b4ce077044956fee2ded85f8ff7.png~tplv-obj.webp
133123,My Dream Stage,5999,4,False,images/133123_My Dream Stage.webp,https://p16-webcast.tiktokcdn.com/img/alisg/webcast-sg/resource/ff6cd68927d62446b72e2f1dd3f9d491.png~tplv-obj.webp
10669,Future City,6000,2,True,images/10669_Future City.webp,https://p16-webcast.tiktokcdn.com/img/maliva/webcast-va/resource/963b7c25aa2cedc0de22358342645e87.png~tplv-obj.webp
10672,Sam in New City,6000,2,True,images/10672_Sam in New City.webp,https://p16-webcast.tiktokcdn.com/img/maliva/webcast-va/resource/291de897e4a8c3b72c358a9734c5b7d8.png~tplv-obj.webp
11585,Work Hard Play Harder,6000,2,True,images/11585_Work Hard Play Harder.webp,https://p16-webcast.tiktokcdn.com/img/maliva/webcast-va/resource/3257e15b3f6697aed88b4ac51b816603.png~tplv-obj.webp
15066,Strong Finish,6000,2,True,images/15066_Strong Finish.webp,https://p16-webcast.tiktokcdn.com/img/alisg/webcast-sg/resource/9ad035b088dfeaf298fdc9cd84d50000.png~tplv-obj.webp
54727,Chick Stampede,6000,2,True,images/54727_Chick Stampede.webp,https://p16-webcast.tiktokcdn.com/img/alisg/webcast-sg/resource/33798b669e13c98ea076ed8eaabc8810.png~tplv-obj.webp
59884,Rust Reforged,6000,2,True,images/59884_Rust Reforged.webp,https://p16-webcast.tiktokcdn.com/img/alisg/webcast-sg/resource/c3a6635093aade8983cbeebd356343ee.png~tplv-obj.webp
105610,Goal Highlight-US,6000,2,True,images/105610_Goal Highlight-US.webp,https://p16-webcast.tiktokcdn.com/img/alisg/webcast-sg/resource/23bdd4cc4095faef63c2cfbbb529a4af.png~tplv-obj.webp
946664,Strike a Pose,6000,2,True,images/946664_Strike a Pose.webp,https://p16-webcast.tiktokcdn.com/img/alisg/webcast-sg/resource/4bbfc4e78268d48e1beb982893bf8f47.png~tplv-obj.webp
9467,Lili the Leopard,6599,2,True,images/9467_Lili the Leopard.webp,https://p16-webcast.tiktokcdn.com/img/maliva/webcast-va/resource/7be03e1af477d1dbc6eb742d0c969372.png~tplv-obj.webp
6790,Celebration Time,6999,2,True,images/6790_Celebration Time.webp,https://p16-webcast.tiktokcdn.com/img/maliva/webcast-va/e73e786041d8218d8e9dbbc150855f1b~tplv-obj.webp
8247,Happy Party,6999,2,True,images/8247_Happy Party.webp,https://p16-webcast.tiktokcdn.com/img/maliva/webcast-va/41774a8ba83c59055e5f2946d51215b4~tplv-obj.webp
1137712,Last Riff Roar,6999,2,True,images/1137712_Last Riff Roar.webp,https://p16-webcast.tiktokcdn.com/img/alisg/webcast-sg/resource/7470c93329bacdc12366450b6ae44d1b.png~tplv-obj.webp
6089,Sports Car,7000,2,True,images/6089_Sports Car.webp,https://p16-webcast.tiktokcdn.com/img/alisg/webcast-sg/e7ce188da898772f18aaffe49a7bd7db~tplv-obj.webp
17961,Majestic Hearts,7238,2,True,images/17961_Majestic Hearts.webp,https://p16-webcast.tiktokcdn.com/img/alisg/webcast-sg/resource/a4585c4d71865a5193fafe229c09512b.png~tplv-obj.webp
7764,Star Throne,7999,2,True,images/7764_Star Throne.webp,https://p16-webcast.tiktokcdn.com/img/maliva/webcast-va/30063f6bc45aecc575c49ff3dbc33831~tplv-obj.webp
8420,Star Throne,7999,2,True,images/8420_Star Throne.webp,https://p16-webcast.tiktokcdn.com/img/maliva/webcast-va/30063f6bc45aecc575c49ff3dbc33831~tplv-obj.webp
51285,Diamond Shield,7999,2,True,images/51285_Diamond Shield.webp,https://p16-webcast.tiktokcdn.com/img/alisg/webcast-sg/resource/764470625220ea94a003b56a0348d638.png~tplv-obj.webp
15048,Bird of Paradise,8000,2,True,images/15048_Bird of Paradise.webp,https://p16-webcast.tiktokcdn.com/img/alisg/webcast-sg/resource/6ac6a0d3e86061023a2638ba903edf09.png~tplv-obj.webp
60076,Ultimate FANDOM,8000,2,True,images/60076_Ultimate FANDOM.webp,https://p16-webcast.tiktokcdn.com/img/alisg/webcast-sg/resource/d14912141985070526e227375d4806f5.png~tplv-obj.webp
1143822,Stormwave Armor,8999,2,True,images/1143822_Stormwave Armor.webp,https://p16-webcast.tiktokcdn.com/img/alisg/webcast-sg/resource/b7b811f753b8a272bce47615f9ba7de4.png~tplv-obj.webp
8916,Leon and Lili,9699,2,True,images/8916_Leon and Lili.webp,https://p16-webcast.tiktokcdn.com/img/maliva/webcast-va/resource/6958244f3eeb69ce754f735b5833a4aa.png~tplv-obj.webp
6149,Interstellar,10000,2,True,images/6149_Interstellar.webp,https://p16-webcast.tiktokcdn.com/img/maliva/webcast-va/8520d47b59c202a4534c1560a355ae06~tplv-obj.webp
6203,Sunset Speedway,10000,2,True,images/6203_Sunset Speedway.webp,https://p16-webcast.tiktokcdn.com/img/maliva/webcast-va/df63eee488dc0994f6f5cb2e65f2ae49~tplv-obj.webp
13469,Henry,10000,2,True,images/13469_Henry.webp,https://p16-webcast.tiktokcdn.com/img/maliva/webcast-va/resource/3cb4ecd1293e05cf5a0a3f42b27206dc.png~tplv-obj.webp
973132,Crystal Rod,10000,2,True,images/973132_Crystal Rod.webp,https://p16-webcast.tiktokcdn.com/img/alisg/webcast-sg/resource/205bcde8d70cacac155907eb8227ce20.png~tplv-obj.webp
8503,Falcon,10999,2,True,images/8503_Falcon.webp,https://p16-webcast.tiktokcdn.com/img/maliva/webcast-va/6026505eea9b9bce071dd699253abf6a~tplv-obj.webp
8419,Red Lightning,12000,2,True,images/8419_Red Lightning.webp,https://p16-webcast.tiktokcdn.com/img/maliva/webcast-va/5f48599c8d2a7bbc6e6fcf11ba2c809f~tplv-obj.webp
10354,White Wolf,12000,2,True,images/10354_White Wolf.webp,https://p16-webcast.tiktokcdn.com/img/maliva/webcast-va/resource/c8d7768c3f96e945ae1b7e6baf3a1a0b.png~tplv-obj.webp
57326,Superstar,12000,2,True,images/57326_Superstar.webp,https://p16-webcast.tiktokcdn.com/img/alisg/webcast-sg/resource/c404478a0fcb831c00cadc8d4932b803.png~tplv-obj.webp
12680,Level-up Spectacle,12999,2,True,images/12680_Level-up Spectacle.webp,https://p16-webcast.tiktokcdn.com/img/maliva/webcast-va/resource/52a09724bbe8d78227db67bc5fe78613.png~tplv-obj.webp
946670,Daylight Debut,13999,2,True,images/946670_Daylight Debut.webp,https://p16-webcast.tiktokcdn.com/img/alisg/webcast-sg/resource/627afcf868bed970c547de038246d9df.png~tplv-obj.webp
14660,Crystal Heart,14999,2,True,images/14660_Crystal Heart.webp,https://p16-webcast.tiktokcdn.com/img/alisg/webcast-sg/resource/08095e18ae3da6ad5dcf23ce68eb1483.png~tplv-obj.webp
18337,Invincible Hammer,14999,2,True,images/18337_Invincible Hammer.webp,https://p16-webcast.tiktokcdn.com/img/alisg/webcast-sg/resource/52d8c2e23c1800e85ad621e431220724.png~tplv-obj.webp
54294,Lucky Crown,14999,2,True,images/54294_Lucky Crown.webp,https://p16-webcast.tiktokcdn.com/img/alisg/webcast-sg/resource/b2566977022eacff45fa1c268f4bea91.png~tplv-obj.webp
54539,Tidecaller Trident,14999,2,True,images/54539_Tidecaller Trident.webp,https://p16-webcast.tiktokcdn.com/img/alisg/webcast-sg/resource/7bb5606841ee8deaec981c85587ab2be.png~tplv-obj.webp
59710,Chrono Rewinder,14999,2,True,images/59710_Chrono Rewinder.webp,https://p16-webcast.tiktokcdn.com/img/alisg/webcast-sg/resource/5048798ca9ee16042152157bad492e47.png~tplv-obj.webp
101857,Storm Blade,14999,2,True,images/101857_Storm Blade.webp,https://p16-webcast.tiktokcdn.com/img/alisg/webcast-sg/resource/42e35e23a5439831c470ed784c470a5c.png~tplv-obj.webp
972120,Snowmoon Parasol,14999,2,True,images/972120_Snowmoon Parasol.webp,https://p16-webcast.tiktokcdn.com/img/alisg/webcast-sg/resource/dd59e39090e22d3c46353f8e997daa3c.png~tplv-obj.webp
1143825,Proof of the King,14999,2,True,images/1143825_Proof of the King.webp,https://p16-webcast.tiktokcdn.com/img/alisg/webcast-sg/resource/e317449c84cba9b865aa50a745ef927e.png~tplv-obj.webp
8603,Leopard,15000,2,True,images/8603_Leopard.webp,https://p16-webcast.tiktokcdn.com/img/maliva/webcast-va/resource/3d837cfcac70929abc0f45e4dc7cee04.png~tplv-obj.webp
8912,Rosa Nebula,15000,2,True,images/8912_Rosa Nebula.webp,https://p16-webcast.tiktokcdn.com/img/maliva/webcast-va/resource/f722088231103b66875dae33f13f8719.png~tplv-obj.webp
9193,Riyadh,15000,2,True,images/9193_Riyadh.webp,https://p16-webcast.tiktokcdn.com/img/maliva/webcast-va/resource/680be960a94f10476dfaae470056c157.png~tplv-obj.webp
9950,Look! Meteor Shower,15000,2,True,images/9950_Look! Meteor Shower.webp,https://p16-webcast.tiktokcdn.com/img/maliva/webcast-va/resource/bebbeaf482b8602b0a2b8c2f7b161022.png~tplv-obj.webp
10670,Future Journey,15000,2,True,images/10670_Future Journey.webp,https://p16-webcast.tiktokcdn.com/img/maliva/webcast-va/resource/dd615b15ed696ee886064d5415dab688.png~tplv-obj.webp
11586,Party On&On,15000,2,True,images/11586_Party On&On.webp,https://p16-webcast.tiktokcdn.com/img/maliva/webcast-va/resource/c45505ece4a91d9c43e4ba98a000b006.png~tplv-obj.webp
12892,Crocodile,15000,2,True,images/12892_Crocodile.webp,https://p16-webcast.tiktokcdn.com/img/maliva/webcast-va/resource/68d0ab787e32a0d3229dcbf1cfe6e250.png~tplv-obj.webp
14562,Battle Champion,15000,2,True,images/14562_Battle Champion.webp,https://p16-webcast.tiktokcdn.com/img/alisg/webcast-sg/resource/adc6156cc7bfb49f336c6f329ebc2830.png~tplv-obj.webp
16115,Firelight Kingdom,15000,2,True,images/16115_Firelight Kingdom.webp,https://p16-webcast.tiktokcdn.com/img/alisg/webcast-sg/resource/2d64f6c94bc66ae497562435f042c21c.png~tplv-obj.webp
17446,Legendary Aegis,15000,2,True,images/17446_Legendary Aegis.webp,https://p16-webcast.tiktokcdn.com/img/alisg/webcast-sg/resource/58e7fd8ef5df902013f7d8c600d2c476.png~tplv-obj.webp
18792,Golden Gallop,15000,2,True,images/18792_Golden Gallop.webp,https://p16-webcast.tiktokcdn.com/img/alisg/webcast-sg/resource/ec26ec5a61ad0490b70e31d6dbe128bc.png~tplv-obj.webp
19134,Paris,15000,2,True,images/19134_Paris.webp,https://p16-webcast.tiktokcdn.com/img/alisg/webcast-sg/resource/f7a810a338bc0e69709badd3a596559c.png~tplv-obj.webp
51283,DJ Peak,15000,2,True,images/51283_DJ Peak.webp,https://p16-webcast.tiktokcdn.com/img/alisg/webcast-sg/resource/ffbc63f7c14eadaf97cdc67a44f8be06.png~tplv-obj.webp
53761,Arabian Cheetah,15000,2,True,images/53761_Arabian Cheetah.webp,https://p16-webcast.tiktokcdn.com/img/alisg/webcast-sg/resource/a9b1ebb5262788aa8c5e92bd13392c83.png~tplv-obj.webp
54728,Sneaky Jockey,15000,2,True,images/54728_Sneaky Jockey.webp,https://p16-webcast.tiktokcdn.com/img/alisg/webcast-sg/resource/6401ca229c2a1a07f88701da7a5b2925.png~tplv-obj.webp
115518,Dream Ride,15000,2,True,images/115518_Dream Ride.webp,https://p16-webcast.tiktokcdn.com/img/alisg/webcast-sg/resource/bce42fbffa8a0a0ebe0597bc0bf7c1f7.png~tplv-obj.webp
547119,Black Wolf,15000,2,True,images/547119_Black Wolf.webp,https://p16-webcast.tiktokcdn.com/img/alisg/webcast-sg/resource/548fafa2e2afb44a36865cb5c34bc61f.png~tplv-obj.webp
607191,Maro Spider Man,15000,2,True,images/607191_Maro Spider Man.webp,https://p16-webcast.tiktokcdn.com/img/alisg/webcast-sg/resource/b8ebcb8f9952959c5349d92c18ff8256.png~tplv-obj.webp
105817,Stadium,15999,2,True,images/105817_Stadium.webp,https://p16-webcast.tiktokcdn.com/img/alisg/webcast-sg/resource/5d4509c515147c6e7f563d54b2dac6ce.png~tplv-obj.webp
9466,Amusement Park,17000,2,True,images/9466_Amusement Park.webp,https://p16-webcast.tiktokcdn.com/img/maliva/webcast-va/resource/12ecc01c2984c5d85bb508e80103a3cb.png~tplv-obj.webp
10165,Diamond Flight,18000,2,True,images/10165_Diamond Flight.webp,https://p16-webcast.tiktokcdn.com/img/maliva/webcast-va/resource/ada51a63094568b529b5efd83b182bc4.png~tplv-obj.webp
59885,Rust vs World,18999,2,True,images/59885_Rust vs World.webp,https://p16-webcast.tiktokcdn.com/img/alisg/webcast-sg/resource/0a295ee8674ff2a9a05ef8e9151bbe75.png~tplv-obj.webp
8248,Fly Love,19999,2,True,images/8248_Fly Love.webp,https://p16-webcast.tiktokcdn.com/img/maliva/webcast-va/a598ba4c7024f4d46c1268be4d82f901~tplv-obj.webp
909798,Fantastic Fly Love,19999,2,True,images/909798_Fantastic Fly Love.webp,https://p16-webcast.tiktokcdn.com/img/alisg/webcast-sg/resource/2974b7fc201072614ce7736c055b00d7.png~tplv-obj.webp
6751,TikTok Shuttle,20000,2,True,images/6751_TikTok Shuttle.webp,https://p16-webcast.tiktokcdn.com/img/maliva/webcast-va/8ef48feba8dd293a75ae9d4376fb17c9~tplv-obj.webp
6833,Castle Fantasy,20000,2,True,images/6833_Castle Fantasy.webp,https://p16-webcast.tiktokcdn.com/img/maliva/webcast-va/8173e9b07875cca37caa5219e4903a40~tplv-obj.webp
7125,Premium Shuttle,20000,2,True,images/7125_Premium Shuttle.webp,https://p16-webcast.tiktokcdn.com/img/maliva/webcast-va/c2b287adee5151b7889d6e3d45b72e44~tplv-obj.webp
10022,Gyeongbokgung,20000,2,True,images/10022_Gyeongbokgung.webp,https://p16-webcast.tiktokcdn.com/img/maliva/webcast-va/resource/ae07f3f9fec20bc0c6801f967f162c3f.png~tplv-obj.webp
115549,Red Devil Corgi,20000,2,True,images/115549_Red Devil Corgi.webp,https://p16-webcast.tiktokcdn.com/img/alisg/webcast-sg/resource/28b39c9cbca8643bc31776dfed95ec94.png~tplv-obj.webp
677594,Corgi's Drone Show,20000,2,True,images/677594_Corgi's Drone Show.webp,https://p16-webcast.tiktokcdn.com/img/alisg/webcast-sg/resource/f301d715e8f34d713c6d5b9cfa14fd28.png~tplv-obj.webp
12853,Level Ship,21000,2,True,images/12853_Level Ship.webp,https://p16-webcast.tiktokcdn.com/img/alisg/webcast-sg/resource/aca72c59f99d08b0c0d1cd6cc79dbb16.png~tplv-obj.webp
1177529,Water Puppetry,21000,2,True,images/1177529_Water Puppetry.webp,https://p16-webcast.tiktokcdn.com/img/alisg/webcast-sg/resource/6b1b8ab5db4760b31f3954997f9f09f2.png~tplv-obj.webp
867052,Goal of Glory,21500,2,True,images/867052_Goal of Glory.webp,https://p16-webcast.tiktokcdn.com/img/alisg/webcast-sg/resource/54d49751c7f2e33226fd6832b5e6a9da.png~tplv-obj.webp
1241070,Siren's Aria,22500,2,True,images/1241070_Siren's Aria.webp,https://p16-webcast.tiktokcdn.com/img/alisg/webcast-sg/resource/042f07476338891c7a87fae9673cee52.png~tplv-obj.webp
14661,Infinite Heart,23999,2,True,images/14661_Infinite Heart.webp,https://p16-webcast.tiktokcdn.com/img/alisg/webcast-sg/resource/de31974d7a94525c6f31872b5b38f76e.png~tplv-obj.webp
7319,Phoenix,25999,2,True,images/7319_Phoenix.webp,https://p16-webcast.tiktokcdn.com/img/alisg/webcast-sg/resource/2c5980ea26241ebeeab76de701d47968.png~tplv-obj.webp
7400,Adam’s Dream,25999,2,True,images/7400_Adam’s Dream.webp,https://p16-webcast.tiktokcdn.com/img/maliva/webcast-va/9a586391fbb1e21621c4203e5563a9e0~tplv-obj.webp
18338,Cyber Roar,25999,2,True,images/18338_Cyber Roar.webp,https://p16-webcast.tiktokcdn.com/img/alisg/webcast-sg/resource/e36175fdd1bdcda3716a857a509042b2.png~tplv-obj.webp
54540,Undersea Kingdom,25999,2,True,images/54540_Undersea Kingdom.webp,https://p16-webcast.tiktokcdn.com/img/alisg/webcast-sg/resource/13f9ea9d3798f67f6d55cc612c152338.png~tplv-obj.webp
59711,Light Castle,25999,2,True,images/59711_Light Castle.webp,https://p16-webcast.tiktokcdn.com/img/alisg/webcast-sg/resource/3c6e2297ca0ddd194653cae1d3baaffa.png~tplv-obj.webp
101862,Skyforge Citadel,25999,2,True,images/101862_Skyforge Citadel.webp,https://p16-webcast.tiktokcdn.com/img/alisg/webcast-sg/resource/b8eebe2344701646d38641f0ed06816a.png~tplv-obj.webp
972130,Rin the Snowborn,25999,2,True,images/972130_Rin the Snowborn.webp,https://p16-webcast.tiktokcdn.com/img/alisg/webcast-sg/resource/242b68f7c08a95d710e3062a2647c027.png~tplv-obj.webp
7610,Dragon Flame,26999,2,True,images/7610_Dragon Flame.webp,https://p16-webcast.tiktokcdn.com/img/alisg/webcast-sg/resource/e5af942cbf6c909da2f11950b1df8b8d.png~tplv-obj.webp
6369,Lion,29999,2,True,images/6369_Lion.webp,https://p16-webcast.tiktokcdn.com/img/maliva/webcast-va/4fb89af2082a290b37d704e20f4fe729~tplv-obj.webp
10065,Gorilla,30000,2,True,images/10065_Gorilla.webp,https://p16-webcast.tiktokcdn.com/img/maliva/webcast-va/resource/57619959bddbe35d8c684750a1d41d62.png~tplv-obj.webp
17710,Community Legends,30000,2,True,images/17710_Community Legends.webp,https://p16-webcast.tiktokcdn.com/img/alisg/webcast-sg/resource/d5e6590f0ee4ab5f5c33df7fe1cb174c.png~tplv-obj.webp
973150,Magic Rod,30000,2,True,images/973150_Magic Rod.webp,https://p16-webcast.tiktokcdn.com/img/alisg/webcast-sg/resource/cea50b414c860b2361880959c855ab23.png~tplv-obj.webp
7823,Leon and Lion,34000,2,True,images/7823_Leon and Lion.webp,https://p16-webcast.tiktokcdn.com/img/maliva/webcast-va/a291aedacf27d22c3fd2d83575d2bee9~tplv-obj.webp
8624,Zeus,34000,2,True,images/8624_Zeus.webp,https://p16-webcast.tiktokcdn.com/img/maliva/webcast-va/resource/01793f9afe15f5037a9dc10435c37c85.png~tplv-obj.webp
7312,TikTok Universe+,34999,2,True,images/7312_TikTok Universe+.webp,https://p16-webcast.tiktokcdn.com/img/maliva/webcast-va/b13105782e8bf8fbefaa83b7af413cee~tplv-obj.webp
8582,TikTok Stars,39999,2,True,images/8582_TikTok Stars.webp,https://p16-webcast.tiktokcdn.com/img/maliva/webcast-va/b1667c891ed39fd68ba7252fff7a1e7c~tplv-obj.webp
8651,Thunder Falcon,39999,2,True,images/8651_Thunder Falcon.webp,https://p16-webcast.tiktokcdn.com/img/alisg/webcast-sg/resource/491bbbd84842fa1089c29d6e61211bb3.png~tplv-obj.webp
9092,Fire Phoenix,41999,2,True,images/9092_Fire Phoenix.webp,https://p16-webcast.tiktokcdn.com/img/maliva/webcast-va/resource/bfb8425a7e8fa03f9fec05a973a4a506.png~tplv-obj.webp
9427,Pegasus,42999,2,True,images/9427_Pegasus.webp,https://p16-webcast.tiktokcdn.com/img/maliva/webcast-va/resource/f600a2495ab5d250e7da2066484a9383.png~tplv-obj.webp
54541,Legend Marcellus ,42999,2,True,images/54541_Legend Marcellus.webp,https://p16-webcast.tiktokcdn.com/img/alisg/webcast-sg/resource/2493534c2e9d914e6b503c3a836e72e9.png~tplv-obj.webp
59712,King Leonardo,42999,2,True,images/59712_King Leonardo.webp,https://p16-webcast.tiktokcdn.com/img/alisg/webcast-sg/resource/6e89cc0269bbd2190499368a2c0ce250.png~tplv-obj.webp
972138,Yuki's Vigilance,42999,2,True,images/972138_Yuki's Vigilance.webp,https://p16-webcast.tiktokcdn.com/img/alisg/webcast-sg/resource/ce72697aca20b8741b1d5bff2035db78.png~tplv-obj.webp
18339,Julius the Champion,43999,2,True,images/18339_Julius the Champion.webp,https://p16-webcast.tiktokcdn.com/img/alisg/webcast-sg/resource/78260c7f1dac82bd979279b5e04bffeb.png~tplv-obj.webp
101868,Valerian's Oath,43999,2,True,images/101868_Valerian's Oath.webp,https://p16-webcast.tiktokcdn.com/img/alisg/webcast-sg/resource/8b4c99e8e50c117ce1a79c5f09eb0cca.png~tplv-obj.webp
9072,TikTok Universe,44999,2,True,images/9072_TikTok Universe.webp,https://p16-webcast.tiktokcdn.com/img/maliva/webcast-va/8f471afbcebfda3841a6cc515e381f58~tplv-obj.webp
9101,TikTok Universe,44999,2,True,images/9101_TikTok Universe.webp,https://p16-webcast.tiktokcdn.com/img/maliva/webcast-va/8f471afbcebfda3841a6cc515e381f58~tplv-obj.webp
